# 插入、更新与删除数据

## 1.插入数据

在使用数据库之前，数据库中必须要有数据，MySQL中使用INSERT语句向数据库表中插入新的数据记录。可以插入的方式有：插入完整的记录、插入记录的一部分、插入多条记录、插入另一个查询的结果。

### 1.1 为表的所有字段插入数据

使用基本的INSERT语句插入数据，要求指定表名称和插入到新记录中的值。

基本语法格式为：`INSERT INTO table_name (column_list) VALUES (value_list);`

table_name指定要插入数据的表名，column_list指定要插入数据的那些列，value_list指定每个列应对应插入的数据。**注意：使用该语句时字段列和数据值的数量必须相同！**

创建样例表person：

```
mysql> CREATE TABLE person
    -> (
    -> id INT UNSIGNED NOT NULL AUTO_INCREMENT,
    -> name CHAR(10) NOT NULL DEFAULT '',
    -> age INT NOT NULL DEFAULT 0,
    -> info CHAR(50) NULL,
    -> PRIMARY KEY (id)
    -> );
Query OK, 0 rows affected (0.07 sec)
```

向表中所有字段插入值的方法有两种：
1. 指定所有字段名；
2. 完全不指定字段名；

**示例1：** 在person表中，插入一条新记录，id值为1，name值为Green，age值为21，info值为Lawyer

```
mysql> INSERT INTO person (id,name,age,info) VALUES (1,'Green',21,'Lawyer');
Query OK, 1 row affected (0.02 sec)

mysql> SELECT * FROM person;
+----+-------+-----+--------+
| id | name  | age | info   |
+----+-------+-----+--------+
|  1 | Green |  21 | Lawyer |
+----+-------+-----+--------+
```

INSERT语句后面的列名称顺序可以不是person表定义时的顺序。即插入数据时，不需要按照表定义的顺序插入，只要保证值的顺序与列字段的顺序相同就可以。

**示例2：** 在person表中，插入一条新记录，id值为2，name值为Suse，age值为22，info值为dancer

```
mysql> INSERT INTO person (age,name,id,info) VALUES (22,'Suse',2,'dancer');
Query OK, 1 row affected (0.01 sec)

mysql> SELECT * FROM person;
+----+-------+-----+--------+
| id | name  | age | info   |
+----+-------+-----+--------+
|  1 | Green |  21 | Lawyer |
|  2 | Suse  |  22 | dancer |
+----+-------+-----+--------+
```

使用INSERT插入数据时，允许列名称column_list为空，此时，值列表中需要为表的每一个字段指定值，并且**值的顺序必须和数据表中字段定义时的顺序相同**。

**示例3：** 在person表中，插入一条新记录，id值为3，name值为Mary，age值为24，info值为Musician

```
mysql> INSERT INTO person VALUES (3,'Mary',24,'Musician');
Query OK, 1 row affected (0.01 sec)

mysql> SELECT * FROM person;
+----+-------+-----+----------+
| id | name  | age | info     |
+----+-------+-----+----------+
|  1 | Green |  21 | Lawyer   |
|  2 | Suse  |  22 | dancer   |
|  3 | Mary  |  24 | Musician |
+----+-------+-----+----------+
```

#### 提示：

虽然使用INSERT插入数据时可以忽略插入数据的列名称，但是值如果不包含列名称，那么VALUES关键字后面的值不仅要求完整而且顺序必须和表定义时列的顺序相同。若表的结构被修改，对列进行增加、删除或者位置改变操作，这些操作将使得使用这种方式插入数据时的顺序也同时改变。若指定列名称，则不会受到表结构改变的影响。

<br>

### 1.2 为表的指定字段插入数据

为表的指定字段插入数据，就是在INSERT语句中只向部门字段中插入值，而其他字段的值为定义表时的默认值。

**示例1：** 在person表中，插入一条新记录，name值为Willam，age值为20，info值为sportsman

```
mysql> INSERT INTO person (name,age,info) VALUES ('Willam',20,'sports man');
Query OK, 1 row affected (0.01 sec)

mysql> SELECT * FROM person;
+----+--------+-----+------------+
| id | name   | age | info       |
+----+--------+-----+------------+
|  1 | Green  |  21 | Lawyer     |
|  2 | Suse   |  22 | dancer     |
|  3 | Mary   |  24 | Musician   |
|  4 | Willam |  20 | sports man |
+----+--------+-----+------------+
```

该id字段自动添加了一个整数值4。这里的id字段为表的主键，不能为空，系统自动为该字段插入自增的序列值。在插入记录时，若某些字段没有指定插入值，MySQL将插入该字段定义时的默认值。

**示例2：** 在person表中，插入一条新记录，name值为Laura，age值为25

```
mysql> INSERT INTO person (name,age) VALUES ('Larua',25);
Query OK, 1 row affected (0.05 sec)

mysql> SELECT * FROM person;
+----+--------+-----+------------+
| id | name   | age | info       |
+----+--------+-----+------------+
|  1 | Green  |  21 | Lawyer     |
|  2 | Suse   |  22 | dancer     |
|  3 | Mary   |  24 | Musician   |
|  4 | Willam |  20 | sports man |
|  5 | Larua  |  25 | NULL       |
+----+--------+-----+------------+
```

#### 提示：

要保证每个插入值的类型和对应列的数据类型匹配，若类型不同，将无法插入，并且MySQL会产生错误。

<br>

### 1.3 同时插入多条记录

INSERT语句可以同时向数据表中插入多条记录，插入时指定多个值列表，每个列表值之间用逗号分隔开，基本语法格式如下：

```
INSERT INTO table_name (column_list)
VALUES (value_list1),(value_list2),...,(value_listn);
```

value_list1，value_list2，……，value_listn;表示第1，2，……，n个插入记录的字段的值列表

**示例1：** 在person表中，在name、age和info字段插入值，同时插入3条新记录

```
mysql> INSERT INTO person (name,age,info) VALUES
    -> ('Evans',27,'secretary'),
    -> ('Dale',22,'cook'),
    -> ('Edison',28,'singer');
Query OK, 3 rows affected (0.05 sec)
Records: 3  Duplicates: 0  Warnings: 0

mysql> SELECT * FROM person;
+----+--------+-----+------------+
| id | name   | age | info       |
+----+--------+-----+------------+
|  1 | Green  |  21 | Lawyer     |
|  2 | Suse   |  22 | dancer     |
|  3 | Mary   |  24 | Musician   |
|  4 | Willam |  20 | sports man |
|  5 | Larua  |  25 | NULL       |
|  6 | Evans  |  27 | secretary  |
|  7 | Dale   |  22 | cook       |
|  8 | Edison |  28 | singer     |
+----+--------+-----+------------+
```

使用INSERT同时插入多条记录时，MySQL会返回一些在执行单行插入时没有的额外信息，这些包含数字的字符串的意思分别是：
* Records：表名插入的记录条数；
* Duplicates：表明插入时被忽略的记录，原因可能是这些记录包含了重复的主键值；
* Warnings：表明有问题的数据值，例如发生数据类型转换；

**示例2：** 在person表中，不指定插入列表，同时插入两条新记录

```
mysql> INSERT INTO person
    -> VALUES (9,'Harry',21,'magician'),
    -> (NULL,'Harriet',19,'pinaiset');
Query OK, 2 rows affected (0.05 sec)
Records: 2  Duplicates: 0  Warnings: 0

mysql> SELECT * FROM person;
+----+---------+-----+------------+
| id | name    | age | info       |
+----+---------+-----+------------+
|  1 | Green   |  21 | Lawyer     |
|  2 | Suse    |  22 | dancer     |
|  3 | Mary    |  24 | Musician   |
|  4 | Willam  |  20 | sports man |
|  5 | Larua   |  25 | NULL       |
|  6 | Evans   |  27 | secretary  |
|  7 | Dale    |  22 | cook       |
|  8 | Edison  |  28 | singer     |
|  9 | Harry   |  21 | magician   |
| 10 | Harriet |  19 | pinaiset   |
+----+---------+-----+------------+
```

<br>

### 1.4 将查询结果插入到表中

INSERT语句用来给数据表插入记录时，指定插入记录的列值。INSERT还可以将SELECT语句查询的结果插入到表中，若想要从另外一个表中合并个人信息到person表，不需要把每一条记录的值一个个输入，只需要使用一条INSERT语句和一条SELECT语句组成的组合语句，即可以快速地从一个或多个表中向一个表中插入多个行。

基本语法如下：

```
INSERT INTO table_name1 (column_list1)
SELECT (column_list2) FROM table_name2 WHERE (conditino)
```

* table_name1指定待插入数据的表；
* column1指定待插入表中要插入数据的哪些列；
* table_name2指定插入数据是从哪个表中查询出来的；
* column_list2指定数据来源表的查询列，该列必须和column_list1列表中的字段个数相同，数据类型相同；
* condition指定SELECT语句的查询条件；

**示例1：** 从person表中查询所有的记录，并将其值插入到person表中

```
mysql> CREATE TABLE person_old
    -> (
    -> id INT UNSIGNED NOT NULL AUTO_INCREMENT,
    -> name CHAR(10) NOT NULL DEFAULT '',
    -> age INT NOT NULL DEFAULT 0,
    -> info CHAR(50) NULL,
    -> PRIMARY KEY (id)
    -> );
Query OK, 0 rows affected (0.14 sec)

mysql> INSERT INTO person_old
    -> VALUES (11,'Harry',20,'student'),
    -> (12,'Beckham',31,'police');
Query OK, 2 rows affected (0.05 sec)
Records: 2  Duplicates: 0  Warnings: 0

mysql> SELECT * FROM person_old;
+----+---------+-----+---------+
| id | name    | age | info    |
+----+---------+-----+---------+
| 11 | Harry   |  20 | student |
| 12 | Beckham |  31 | police  |
+----+---------+-----+---------+
```

接下来将person_old表中所有的记录插入person表中

```
mysql> INSERT INTO person(id,name,age,info)
    -> SELECT id,name,age,info FROM person_old;
Query OK, 2 rows affected (0.05 sec)
Records: 2  Duplicates: 0  Warnings: 0

mysql> SELECT * FROM person;
+----+---------+-----+------------+
| id | name    | age | info       |
+----+---------+-----+------------+
|  1 | Green   |  21 | Lawyer     |
|  2 | Suse    |  22 | dancer     |
|  3 | Mary    |  24 | Musician   |
|  4 | Willam  |  20 | sports man |
|  5 | Larua   |  25 | NULL       |
|  6 | Evans   |  27 | secretary  |
|  7 | Dale    |  22 | cook       |
|  8 | Edison  |  28 | singer     |
|  9 | Harry   |  21 | magician   |
| 10 | Harriet |  19 | pinaiset   |
| 11 | Harry   |  20 | student    |
| 12 | Beckham |  31 | police     |
+----+---------+-----+------------+
```

由结果可以看出，INSERT语句执行后，person表中多了两条记录，这两条记录和person_old表中的记录完全相同，数据转移成功。这里id字段为自增的主键，在插入的时候要保证该字段值的唯一性，若不能确定，可以插入的时候忽略该字段，只插入其他字段的值。

---

## 2.更新数据

MySQL中使用UPDATE语句更新表中的记录，可以更新特定的行或者同时更新所有的行。

基本语法结构如下：

```
UPDATE table_name
SET column_name1=value1,column_name2=value2,...,column_namen=valuen
WHERE (condition);
```

column_name1，column_name2，……，column_namen为指定更新字段的名称；

value1，value2，……，valuen为相应的指定字段的更新值；

condition指定更新的记录需要满足的条件；

更新多个列时，每个“列-值”对之间用逗号隔开，最后一列之后不需要逗号。

**示例1：** 在person表中，更新id值为11的记录，将age字段值改为15，将name字段值改为LiMing

```
mysql> SELECT * FROM person WHERE id=11;
+----+--------+-----+---------+
| id | name   | age | info    |
+----+--------+-----+---------+
| 11 | Harry  |  20 | student |
+----+--------+-----+---------+

mysql> UPDATE person SET age=15,name='LiMing' WHERE id=11;
Query OK, 1 row affected (0.05 sec)
Rows matched: 1  Changed: 1  Warnings: 0

mysql> SELECT * FROM person WHERE id=11;
+----+--------+-----+---------+
| id | name   | age | info    |
+----+--------+-----+---------+
| 11 | LiMing |  15 | student |
+----+--------+-----+---------+
```
#### 提示：

保证UPDATE以WHERE子句结束，通过WHERE子句指定被更新的记录所需要满足的条件，若忽略WHERE子句，MySQL将更新表中所有的行。


**示例2：** 在person表中，更新age值为19~22的记录，将info字段值都改为student

```
mysql> SELECT * FROM person WHERE age BETWEEN 19 AND 22;
+----+---------+-----+------------+
| id | name    | age | info       |
+----+---------+-----+------------+
|  1 | Green   |  21 | Lawyer     |
|  2 | Suse    |  22 | dancer     |
|  4 | Willam  |  20 | sports man |
|  7 | Dale    |  22 | cook       |
|  9 | Harry   |  21 | magician   |
| 10 | Harriet |  19 | pianist    |
+----+---------+-----+------------+

mysql> UPDATE person SET info='student' WHERE age BETWEEN 19 AND 22;
Query OK, 6 rows affected (0.05 sec)
Rows matched: 6  Changed: 6  Warnings: 0

mysql> SELECT * FROM person WHERE age BETWEEN 19 AND 22;
+----+---------+-----+---------+
| id | name    | age | info    |
+----+---------+-----+---------+
|  1 | Green   |  21 | student |
|  2 | Suse    |  22 | student |
|  4 | Willam  |  20 | student |
|  7 | Dale    |  22 | student |
|  9 | Harry   |  21 | student |
| 10 | Harriet |  19 | student |
+----+---------+-----+---------+
```

---

## 3.删除数据

从数据表中删除数据使用DELETE语句，DELETE语句匀速WHERE子句指定删除条件。DELETE语句基本语法格式如下：`DELETE FROM table_name [WHERE <condition>]`

table_name指定要执行删除操作的表；

"[WHERE <condition>]"为可选参数，指定删除条件，若没有WHERE子句，DELETE语句将删除表中的所有记录；

**示例1：** 在person表中，删除id等于11的记录

```
mysql> SELECT * FROM person WHERE id=11;
+----+--------+-----+---------+
| id | name   | age | info    |
+----+--------+-----+---------+
| 11 | LiMing |  15 | student |
+----+--------+-----+---------+

mysql> DELETE FROM person WHERE id=11;
Query OK, 1 row affected (0.05 sec)

mysql> SELECT * FROM person WHERE id=11;
Empty set (0.00 sec)
```

**示例2：** 在person表中，使用DELETE语句同时删除多条记录，在前面UPDATE语句中将age字段值在19~22的记录info字段值修改为student，并删除这些记录

```
mysql> SELECT * FROM person WHERE age BETWEEN 19 AND 22;
+----+---------+-----+---------+
| id | name    | age | info    |
+----+---------+-----+---------+
|  1 | Green   |  21 | student |
|  2 | Suse    |  22 | student |
|  4 | Willam  |  20 | student |
|  7 | Dale    |  22 | student |
|  9 | Harry   |  21 | student |
| 10 | Harriet |  19 | student |
+----+---------+-----+---------+

mysql> DELETE FROM person WHERE age BETWEEN 19 AND 22;
Query OK, 6 rows affected (0.05 sec)

mysql> SELECT * FROM person WHERE age BETWEEN 19 AND 22;
Empty set (0.00 sec)
```

**示例3：** 删除person表中的所有记录

```
mysql> SELECT * FROM person;
+----+---------+-----+-----------+
| id | name    | age | info      |
+----+---------+-----+-----------+
|  3 | Mary    |  24 | Musician  |
|  5 | Larua   |  25 | NULL      |
|  6 | Evans   |  27 | secretary |
|  8 | Edison  |  28 | singer    |
| 12 | Beckham |  31 | police    |
+----+---------+-----+-----------+
5 rows in set (0.00 sec)

mysql> DELETE FROM person;
Query OK, 5 rows affected (0.05 sec)

mysql> SELECT * FROM person;
Empty set (0.00 sec)
```

#### 提示:

若想删除表中的所有记录，还可以使用TRUNCATE TABLE语句，TRUNCATE将直接删除原来的表，并重新创建一个表，其语法为：`TRUNCATE TABLE table_nmae`。TRUNCATE直接删除表而不是删除记录，因此执行速度比DELETE快。

---

## 4.综合案例

**books表结构**

|字段名|字段说明|数据类型|主键&#160;&#160;&#160;&#160;|外键&#160;&#160;&#160;&#160;|非空&#160;&#160;&#160;&#160;|唯一&#160;&#160;&#160;&#160;|自增&#160;&#160;&#160;&#160;|
|:---|:---|:---|:---|:---|:---|:---|:---|
|id|书编号|INT(11)|是|否|是|是|否|
|name|书名|VARCHAR(50)|否|否|是|否|否|
|authors&#160;&#160;&#160;&#160;|作者|VARCHAR(50)|否|否|是|否|否|
|price|价格|FLOAT|否|否|是|否|否|
|pubdate|出版日期&#160;&#160;&#160;&#160;|YEAR|否|否|是|否|否|
|note|说明|VARCHAR(50)&#160;&#160;&#160;&#160;|否|否|否|否|否|
|num|库存|INT(11)|否|否|是|否|否|

创建数据表books:

```
mysql> CREATE TABLE books
    -> (
    -> id INT(11) NOT NULL PRIMARY KEY,
    -> name VARCHAR(50) NOT NULL,
    -> authors VARCHAR(100) NOT NULL,
    -> price FLOAT NOT NULL,
    -> pubdate YEAR NOT NULL,
    -> note VARCHAR(255) NULL,
    -> num INT(11) NOT NULL DEFAULT 0
    -> );
Query OK, 0 rows affected, 2 warnings (0.06 sec)
```

相表中插入记录：

1.指定所有字段名称插入记录：

```
mysql> INSERT INTO books
    -> (id,name,authors,price,pubdate,note,num)
    -> VALUES
    -> (1,'Tale of AAA','Dickes',23,'1995','novel',11);
Query OK, 1 row affected (0.05 sec)
```

2.不指定字段名称插入记录

```
mysql> INSERT INTO books
    -> VALUES
    -> (2,'EmmaT','Jane Lura',35,'1993','joke',22);
Query OK, 1 row affected (0.05 sec)
```

3.同时插入多条记录

```
mysql> INSERT INTO books VALUES
    -> (3,'Story of Jane','Jane Tim',40,'2001','novel',0),
    -> (4,'Lovey Day','George Byron',20,'2005','novel',30),
    -> (5,'Old Land','Honore Blade',30,'2010','law',0),
    -> (6,'The Battle','Upton Sara',33,'1999','medicine',40),
    -> (7,'Rose Hood','Richard Kale',28,'2008','cartoon',28);
Query OK, 5 rows affected (0.05 sec)
Records: 5  Duplicates: 0  Warnings: 0
```

查看表中所有记录：

```
mysql> SELECT * FROM books;
+----+---------------+--------------+-------+---------+----------+-----+
| id | name          | authors      | price | pubdate | note     | num |
+----+---------------+--------------+-------+---------+----------+-----+
|  1 | Tale of AAA   | Dickes       |    23 |    1995 | novel    |  11 |
|  2 | EmmaT         | Jane Lura    |    35 |    1993 | joke     |  22 |
|  3 | Story of Jane | Jane Tim     |    40 |    2001 | novel    |   0 |
|  4 | Lovey Day     | George Byron |    20 |    2005 | novel    |  30 |
|  5 | Old Land      | Honore Blade |    30 |    2010 | law      |   0 |
|  6 | The Battle    | Upton Sara   |    33 |    1999 | medicine |  40 |
|  7 | Rose Hood     | Richard Kale |    28 |    2008 | cartoon  |  28 |
+----+---------------+--------------+-------+---------+----------+-----+
```

将小说类型（novel）的书的价格都增加5：

```
mysql> SELECT id,name,price,note FROM books WHERE note='novel';
+----+---------------+-------+-------+
| id | name          | price | note  |
+----+---------------+-------+-------+
|  1 | Tale of AAA   |    23 | novel |
|  3 | Story of Jane |    40 | novel |
|  4 | Lovey Day     |    20 | novel |
+----+---------------+-------+-------+

mysql> UPDATE books SET price=price+5 WHERE note='novel';
Query OK, 3 rows affected (0.05 sec)
Rows matched: 3  Changed: 3  Warnings: 0

mysql> SELECT id,name,price,note FROM books WHERE note='novel';
+----+---------------+-------+-------+
| id | name          | price | note  |
+----+---------------+-------+-------+
|  1 | Tale of AAA   |    28 | novel |
|  3 | Story of Jane |    45 | novel |
|  4 | Lovey Day     |    25 | novel |
+----+---------------+-------+-------+
```

将名称为EmmaT的书的价格改为40，并将说明改为drama：

```
mysql> SELECT name,price,note FROM books WHERE name='EmmaT';
+-------+-------+------+
| name  | price | note |
+-------+-------+-------+
| EmmaT |    35 | joke |
+-------+-------+------+

mysql> UPDATE books SET price=40,note='drama' WHERE name='EmmaT';
Query OK, 1 row affected (0.05 sec)
Rows matched: 1  Changed: 1  Warnings: 0

mysql> SELECT name,price,note FROM books WHERE name='EmmaT';
+-------+-------+-------+
| name  | price | note  |
+-------+-------+-------+
| EmmaT |    40 | drama |
+-------+-------+-------+
```

删除库存为0的记录：

```
mysql> SELECT * FROM books WHERE num=0;
+----+---------------+--------------+-------+---------+----------+-----+
| id | name          | authors      | price | pubdate | note     | num |
+----+---------------+--------------+-------+---------+----------+-----+
|  3 | Story of Jane | Jane Tim     |    40 |    2001 | novel    |   0 |
|  5 | Old Land      | Honore Blade |    30 |    2010 | law      |   0 |
+----+---------------+--------------+-------+---------+----------+-----+

mysql> SELECT name,price,note FROM books WHERE name='EmmaT';
+-------+-------+-------+
| name  | price | note  |
+-------+-------+-------+
| EmmaT |    40 | drama |
+-------+-------+-------+
1 row in set (0.00 sec)

mysql> DELETE FROM books WHERE num=0;
Query OK, 2 rows affected (0.05 sec)

mysql> SELECT * FROM books WHERE num=0;
Empty set (0.00 sec)
```

---