# 索引

## 1.索引的简介

索引是对数据库表中一列或多列的值进行排序的一种结构，使用索引可以提高数据库中特定数据的查询速度。

### 1.1 索引的含义和特点

索引是一个单独的、存储在磁盘上的数据库结构，它们包含着对数据库表里所有记录的引用指针。使用索引用于快速查找出在某个或多个列中有一特定值的行，所有MySQL列类型都可以被索引，对相关列使用索引是提高查询操作速度的最佳途径。

索引是在存储引擎中实现的，因此，每种存储引擎的索引都不一定完全相同，并且每种存储引擎也不一定支持所有索引类型。**应根据存储引擎定义每个表的最大索引数和最大索引长度。**所有存储引擎支持每个表至少16个索引，总索引长度至少为256个字节。

MySQL中索引的存储类型有两种：BTREE和HASH，具体和表的存储引擎相关：
* MyISAM和InnoDB存储引擎只支持BTREE索引；
* MEMORY/HEAP存储引擎可以支持HASH和BTREE索引；

索引的优点主要有以下几条：
1. 通过创建唯一索引，可以保证数据库表中每一行数据的唯一性；
2. 可以大大加快数据的查询速度，这也是创建索引的最主要的原因；
3. 在实现数据的参考完整性方面，可以加速表和表之间的连接；
4. 在使用分组和排序子句进行数据查询时，也可以显著减少查询中分组和排序的时间；

增加索引的缺点主要有以下几个方面：
1. 创建索引和维护索引需要耗费时间，并且随着数据量的增加所耗费的时间也会增加；
2. 所以需要占磁盘空间，除了数据表占数据空间外，每一个索引还要占一定的物理空间，若有大量多因，索引文件可能比数据文件更快达到最大文件尺寸；
3. 当对表中的数据进行增加、删除和修改的时候，索引也要动态地维护，这样降低了数据的维护速度；

<br>

### 1.2 索引的分类

MySQL的索引可以分为以下几类：

**1.普通索引和唯一索引**

普通索引是MySQL中的基本索引类型，允许在定义索引的列中插入重复值和空值。

唯一索引，索引列的值必须唯一，但允许有空值。若是组合索引，则列值的组合必须唯一。主键索引是特殊的唯一索引，不允许有空值。

**2.单列索引和组合索引**

单索引即一个索引只包含单个列，一个表可以有多个单列索引。

组合索引指在表的多个字段上创建的索引，只有在查询条件中使用了这些字段的左边字段时，索引才会被使用，组合索引时遵循在最左前缀集合。

**3.全文索引**

全文索引类型为FULLTEXT，在定义索引的列上支持值的全文查找，允许在这些索引列中插入重复值和空值。全文索引可以在CHAR、VARCHAR或者TEXT类型的列上创建。MySQL中只有MyISAM存储引擎支持全文索引。

**4.空间索引**

空间索引是对空间数据类型的字段建立的索引，MySQL中空间数据类型有4种，分别为：GEOMETRY、POINT、LINESTRING和POLYGON。MySQL使用SPATIAL关键字进行扩展，使得能够用于创建正规索引类似的语法创建空间索引。创建空间索引的列，必须将其声明为NOT NULL，空间索引只能在存储引擎为MyISAM的表中创建。

<br>

### 1.3 索引的设计原则

索引设计不合理或者缺少索引都会对数据库和应用程序的性能造成障碍。高效的索引对于获得良好的性能非常重要。

设计索引时，应该考虑以下准则：
1. 索引并非越多越好，一个表中若有大量的索引，不仅占用磁盘空间，而且会影响INSERT、DELETE、UPDATE等语句的性能，因为当表中的护具更改的同时，索引也会进行调整和更新；
2. 避免对经常更新的表进行过多的索引，并且索引中的列尽可能少。而对经常用于查询的字段应该创建索引，但要避免添加不必要的字段。
3. 数据量小的表最好不要使用索引，由于数据较少，查询花费的时间可能比遍历索引的时间还要短，索引可能不会产生优化效果；
4. 在条件表达式中经常用到的不同值较多的列上创建索引，在不同值很少的列不要建立索引；
5. 当唯一性时某种数据本身的特征时，指定唯一索引。所以用唯一索引需能确保定义的列的数据完整性，以提高查询速度；
6. 在频繁进行排序或分组的列上建立索引，若待排序的列有多个，可以在这些列上建立组合索引。

---

## 2.创建索引

MySQL支持多种方法在单个或多个列上创建索引：在创建表的定义语句CREATE TABLE中指定索引列，使用ALTER TABLE语句在存在的表上创建索引，或者使用CREATE INDEX语句在已经存在的表添加索引。

### 2.1 创建表的时候创建索引

使用CREATE TABLE创建表时，除了可以定义列的数据类型，还可以定义主键约束、外键约束或者唯一性约束，而不论创建哪种约束，在定义约束的同时相当于在指定列上创建了一个索引。

创建表时创建索引的基本语法格式如下：

```
CREATE TABLE table_name [col_name,data_type]
[UNIQUE|FULLTEXT|SPATIAL] [INDEX|KEY] [index_name] (col_name [length]) [ASC|DSC]
```

其中：
* UNIQUE、FULLTEXT和SPATIAL为可选参数，分别表示唯一索引、全文索引和空间索引；
* INDEX和KEY为同义词，两者作用相同，用来指定创建索引；
* col_name为需要创建索引的字段列，该列必须从数据表中定义的多个列中选择；
* index_name指定索引的名称，为可选参数，若不指定，MySQL默认col_name为索引值；
* length为可选参数，表示索引的长度，只有字符串类型的字段才能指定索引长度；
* ASC或DSC指定升序或降序的索引值存储；

**1.创建普通索引**

最基本的索引类型，没有唯一性值类的限制，其作用只是加快对数据的访问速度。

**示例：** 在book表中的year_publication字段上建立普通索引

```
mysql> CREATE TABLE book
    -> (
    -> bookid INT NOT NULL,
    -> bookname VARCHAR(255) NOT NULL,
    -> authors VARCHAR(255) NOT NULL,
    -> info VARCHAR(255) NULL,
    -> comment VARCHAR(255) NULL,
    -> year_publication YEAR NOT NULL,
    -> INDEX(year_publication)
    -> );
```

使用SHOW CREATE TABLE查看表结构：

```
mysql> SHOW CREATE TABLE book \G;
*************************** 1. row ***************************
       Table: book
Create Table: CREATE TABLE `book` (
  `bookid` int(11) NOT NULL,
  `bookname` varchar(255) NOT NULL,
  `authors` varchar(255) NOT NULL,
  `info` varchar(255) DEFAULT NULL,
  `comment` varchar(255) DEFAULT NULL,
  `year_publication` year(4) NOT NULL,
  KEY `year_publication` (`year_publication`)
) ENGINE=InnoDB DEFAULT CHARSET=utf8mb4 COLLATE=utf8mb4_0900_ai_ci
1 row in set (0.06 sec)

ERROR:
No query specified
```

由结果可以看到，book表的year_publication字段上成功建立索引，其索引名称year_publication为MySQL自动添加。

使用EXPLAIN语句查看索引是否正在使用：

```
mysql> EXPLAIN SELECT * FROM book WHERE year_publication=1990\G;
*************************** 1. row ***************************
           id: 1
  select_type: SIMPLE
        table: book
   partitions: NULL
         type: ref
possible_keys: year_publication
          key: year_publication
      key_len: 1
          ref: const
         rows: 1
     filtered: 100.00
        Extra: NULL
1 row in set, 1 warning (0.02 sec)

ERROR:
No query specified
```

EXPLAIN语句输出结果的各个行解释如下：
* select_type：指定所使用的SELECT查询类型，这里值为SIMPLE，表示简单的SELECT，不适用UNION或子查询。其他的取值有：PRIMARY、UNION、SUBQUERY等；
* table：指定数据库读取的数据表的名字，它们按被读取的先手顺序排列；
* type：指定了本数据表与其他数据表之间的关联关系，可能的取值有system、const、eq_ref、ref、range、index和All；
* possible_keys：给出了MySQL在搜索数据记录时可选用的各个索引；
* key：MySQL实际选用的索引；
* key_len：给出索引按自己计算的长度，key_len数值越小，表示越快；
* ref：给出了关联关系中另一个数据表里的数据列的名字；
* rows：MySQL在执行这个查询时预计会从这个数据表里读出的数据行的个数；
* extra：提供了与关联操作有关的信息；

**2.创建唯一索引**

创建唯一索引的主要原因是减少查询索引列操作的执行时间，尤其是对比较庞大的数据表。

它与前面的普通索引类似，不同之处在于：索引列的值必须唯一，但允许有空值。若是组合索引，则列值的组合必须唯一。

**示例：** 创建一个表t1，在表中的id字段上使用UNIQUW关键字创建唯一索引

```
mysql> CREATE TABLE t1
    -> (
    -> id INT NOT NULL,
    -> name CHAR(30) NOT NULL,
    -> UNIQUE INDEX UniqIdx(id)
    -> );
Query OK, 0 rows affected (0.06 sec)

mysql> SHOW CREATE TABLE t1 \G;
*************************** 1. row ***************************
       Table: t1
Create Table: CREATE TABLE `t1` (
  `id` int(11) NOT NULL,
  `name` char(30) NOT NULL,
  UNIQUE KEY `UniqIdx` (`id`)
) ENGINE=InnoDB DEFAULT CHARSET=utf8mb4 COLLATE=utf8mb4_0900_ai_ci
1 row in set (0.00 sec)

ERROR:
No query specified
```

由结果可以看到，id字段上已经成功建立了一个名为UniqIdx的唯一索引。

**3.创建单列索引**

单列索引是在数据表中的某一个字段上创建的索引，一个表中可以创建多个单列索引，前面两个例子都是单列索引。

**示例：** 创建一个表t2，在表中的name字段上创建单列索引

```
mysql> CREATE TABLE t2
    -> (
    -> id INT NOT NULL,
    -> name CHAR(50) NULL,
    -> INDEX SingleIdx(name(20))
    -> );
Query OK, 0 rows affected (0.07 sec)

mysql> SHOW CREATE table t2 \G;
*************************** 1. row ***************************
       Table: t2
Create Table: CREATE TABLE `t2` (
  `id` int(11) NOT NULL,
  `name` char(50) DEFAULT NULL,
  KEY `SingleIdx` (`name`(20))
) ENGINE=InnoDB DEFAULT CHARSET=utf8mb4 COLLATE=utf8mb4_0900_ai_ci
1 row in set (0.00 sec)

ERROR:
No query specified
```

由结果可以看到，id字段上已经成功建立了一个名为SingleIdx的单列索引，索引长度为20。


**4.创建组合索引**

组合索引是在多个字段上创建一个索引。

**示例：** 创建表t3，在表中的id、name和age字段上建立组合索引

```
mysql> CREATE TABLE t3
    -> (
    -> id INT NOT NULL,
    -> name CHAR(30) NOT NULL,
    -> age INT NOT NULL,
    -> info VARCHAR(255),
    -> INDEX MultiIdx(id,name,age)
    -> );
Query OK, 0 rows affected (0.24 sec)
```

该语句执行完毕后，使用SHOW CREATE TABLE查看表结构：

```
mysql> SHOW CREATE TABLE t3 \G;
*************************** 1. row ***************************
       Table: t3
Create Table: CREATE TABLE `t3` (
  `id` int(11) NOT NULL,
  `name` char(30) NOT NULL,
  `age` int(11) NOT NULL,
  `info` varchar(255) DEFAULT NULL,
  KEY `MultiIdx` (`id`,`name`,`age`)
) ENGINE=InnoDB DEFAULT CHARSET=utf8mb4 COLLATE=utf8mb4_0900_ai_ci
1 row in set (0.00 sec)

ERROR:
No query specified
```

由结果可以看到，id、name和age字段已经成功建立了一个名为MultiIdx的组合索引。

组合索引可以起到几个索引的作用，但是使用时并不是随便查询哪个字段都可以使用索引，而是遵循“最左前缀”：**利用索引中最左边的列集来匹配行**，这样的列集称为最左前缀。

例如上面例子中由id、name和age三个字段构成的索引，索引行中按id/name/age的顺序存放，索引可以搜索下面字段组合：(id,name,age)、(id,name)或者id。

在t3表中，查询id和name字段，使用EXPLAIN语句查看索引的使用情况：

```
mysql> EXPLAIN SELECT * FROM t3 WHERE id=1 AND name='joe' \G;
*************************** 1. row ***************************
           id: 1
  select_type: SIMPLE
        table: t3
   partitions: NULL
         type: ref
possible_keys: MultiIdx
          key: MultiIdx
      key_len: 124
          ref: const,const
         rows: 1
     filtered: 100.00
        Extra: Using index condition
1 row in set, 1 warning (0.08 sec)

ERROR:
No query specified
```

可以看到，查询id和name字段时，使用了名称我MultiIdx的索引，但如果查询(name,age)组合或者单独查询name和age字段，possible_keys和key值为NULL，并没有使用t3表中创建的索引进行查询。

**5.创建全文索引**

FULLTEXT（全文索引）可以用于全文搜索。只有MyISAM存储引擎支持FULLTEXT索引，并且为CHAR、VARCHAR和TEXT列创建索引。索引总是对整个列进行，不支持局部（前缀）索引。

**示例：** 创建表t4，在表中的info字段上建立全文索引

```
mysql> CREATE TABLE t4
    -> (
    -> id INT NOT NULL,
    -> name CHAR(30) NOT NULL,
    -> age INT NOT NULL,
    -> info VARCHAR(255),
    -> FULLTEXT INDEX FullTxtIdx(info)
    -> ) ENGINE=MyISAM;
Query OK, 0 rows affected (0.10 sec)
```

语句执行完毕后，使用SHOW CREATA TABLE查看表结构：

```
mysql> SHOW CREATE TABLE t4 \G;
*************************** 1. row ***************************
       Table: t4
Create Table: CREATE TABLE `t4` (
  `id` int(11) NOT NULL,
  `name` char(30) NOT NULL,
  `age` int(11) NOT NULL,
  `info` varchar(255) DEFAULT NULL,
  FULLTEXT KEY `FullTxtIdx` (`info`)
) ENGINE=MyISAM DEFAULT CHARSET=utf8mb4 COLLATE=utf8mb4_0900_ai_ci
1 row in set (0.05 sec)

ERROR:
No query specified
```

由结果可以看出，info字段上已经建立了一个名为FullTxtIdx的FULLTEXT索引。

全文索引非常使用于**大型数据集**，对于小的数据集，它的用处比较小。

**6.创建空间索引**

空间索引必须在MyISAM类型的表中创建，且空间类型的字段必须为**非空**。

**示例：** 创建表t5，在空间类型为GEOMETRY的字段上创建空间索引

```
mysql> CREATE TABLE t5
    -> (
    -> g GEOMETRY NOT NULL,
    -> SPATIAL INDEX spatIdx(g)
    -> ) ENGINE=MyISAM;
Query OK, 0 rows affected, 1 warning (0.08 sec)

mysql> SHOW CREATE TABLE t5 \G;
*************************** 1. row ***************************
       Table: t5
Create Table: CREATE TABLE `t5` (
  `g` geometry NOT NULL,
  SPATIAL KEY `spatIdx` (`g`)
) ENGINE=MyISAM DEFAULT CHARSET=utf8mb4 COLLATE=utf8mb4_0900_ai_ci
1 row in set (0.00 sec)

ERROR:
No query specified
```

<br>

### 2.2 在已经存在的表上创建索引

**1.使用ALTER TABLE语句创建索引**

ALTER TABLE创建索引的基本语法如下：

```
ALTER TABLE table_name ADD [UNIQUE|FULLTEXT|SPATIAL] [INDEX|KEY]
[index_name] (col_name[length],……) [ASC|DESC]
```

与创建表时创建索引的语法不同的是，在这里使用了ALTER TABLE和ADD关键字，ADD表示向表中添加索引。

**示例1：** 在book表中的bookname字段上建立名为BkNameIdx的普通索引

在创建索引之前，先使用SHOW INDEX语句查看指定表中创建的索引：

```
mysql> SHOW INDEX FROM book \G;
*************************** 1. row ***************************
        Table: book
   Non_unique: 1
     Key_name: year_publication
 Seq_in_index: 1
  Column_name: year_publication
    Collation: A
  Cardinality: 0
     Sub_part: NULL
       Packed: NULL
         Null:
   Index_type: BTREE
      Comment:
Index_comment:
      Visible: YES
   Expression: NULL
1 row in set (0.09 sec)

ERROR:
No query specified
```

其中：
* Table表示创建索引的表；
* Non_unique表示索引非唯一，1代表是非唯一索引，0代表唯一索引；
* Key_name表示索引的名称；
* Seq_in_index表示该字段在索引中的位置，单列索引值为1，组合索引为每个字段在索引定义中的顺序；
* Column_name表示定义索引的列字段；
* Sub_part表示索引的长度；
* Null表示字段是否能为空值；
* Index_type表示索引的类型；

可以看到，book表中已经存在一个索引，即前面已经定义了名为year_publication索引，该索引为非唯一索引。

下面使用ALTER TABLE在bookname字段上添加索引：

```
mysql> ALTER TABLE book ADD INDEX BkNameIdx(bookname(30));
Query OK, 0 rows affected (0.09 sec)
Records: 0  Duplicates: 0  Warnings: 0

mysql> SHOW INDEX FROM book \G;
*************************** 1. row ***************************
        Table: book
   Non_unique: 1
     Key_name: year_publication
 Seq_in_index: 1
  Column_name: year_publication
    Collation: A
  Cardinality: 0
     Sub_part: NULL
       Packed: NULL
         Null:
   Index_type: BTREE
      Comment:
Index_comment:
      Visible: YES
   Expression: NULL
*************************** 2. row ***************************
        Table: book
   Non_unique: 1
     Key_name: BkNameIdx
 Seq_in_index: 1
  Column_name: bookname
    Collation: A
  Cardinality: 0
     Sub_part: 30
       Packed: NULL
         Null:
   Index_type: BTREE
      Comment:
Index_comment:
      Visible: YES
   Expression: NULL
2 rows in set (0.05 sec)

ERROR:
No query specified
```

可以看到，现在表中已经有两个索引，另一个通过ALTER TABLE语句添加的名称为BkNameIdx的索引，该索引非唯一，长度为30。

**示例2：** 在book表的bookId字段上建立名称为UniqidIdx的唯一索引

```
mysql> ALTER TABLE book ADD UNIQUE INDEX UniqidIdx (bookId);
Query OK, 0 rows affected (0.21 sec)
Records: 0  Duplicates: 0  Warnings: 0

mysql> SHOW INDEX FROM book \G;
*************************** 1. row ***************************
        Table: book
   Non_unique: 0
     Key_name: UniqidIdx
 Seq_in_index: 1
  Column_name: bookid
    Collation: A
  Cardinality: 0
     Sub_part: NULL
       Packed: NULL
         Null:
   Index_type: BTREE
      Comment:
Index_comment:
      Visible: YES
   Expression: NULL
*************************** 2. row ***************************
        Table: book
   Non_unique: 1
     Key_name: year_publication
 Seq_in_index: 1
  Column_name: year_publication
    Collation: A
  Cardinality: 0
     Sub_part: NULL
       Packed: NULL
         Null:
   Index_type: BTREE
      Comment:
Index_comment:
      Visible: YES
   Expression: NULL
*************************** 3. row ***************************
        Table: book
   Non_unique: 1
     Key_name: BkNameIdx
 Seq_in_index: 1
  Column_name: bookname
    Collation: A
  Cardinality: 0
     Sub_part: 30
       Packed: NULL
         Null:
   Index_type: BTREE
      Comment:
Index_comment:
      Visible: YES
   Expression: NULL
3 rows in set (0.05 sec)

ERROR:
No query specified
```

**示例3：** 在book表的authors和info字段上建立组合索引

```
mysql> ALTER TABLE book ADD INDEX BkAuAndInfoIdx (authors(30),info(50));
Query OK, 0 rows affected (0.08 sec)
Records: 0  Duplicates: 0  Warnings: 0

mysql> SHOW INDEX FROM book \G;
*************************** 1. row ***************************
.........

*************************** 4. row ***************************
        Table: book
   Non_unique: 1
     Key_name: BkAuAndInfoIdx
 Seq_in_index: 1
  Column_name: authors
    Collation: A
  Cardinality: 0
     Sub_part: 30
       Packed: NULL
         Null:
   Index_type: BTREE
      Comment:
Index_comment:
      Visible: YES
   Expression: NULL
*************************** 5. row ***************************
        Table: book
   Non_unique: 1
     Key_name: BkAuAndInfoIdx
 Seq_in_index: 2
  Column_name: info
    Collation: A
  Cardinality: 0
     Sub_part: 50
       Packed: NULL
         Null: YES
   Index_type: BTREE
      Comment:
Index_comment:
      Visible: YES
   Expression: NULL
5 rows in set (0.06 sec)
```

**示例4：** 创建表t6，在t表上使用ALTER TABLE创建全文索引

```
mysql> ALTER TABLE t6 ADD FULLTEXT INDEX infoFTIdx(info);
Query OK, 0 rows affected (0.16 sec)
Records: 0  Duplicates: 0  Warnings: 0

mysql> SHOW INDEX FROM t6 \G;
*************************** 1. row ***************************
        Table: t6
   Non_unique: 1
     Key_name: infoFTIdx
 Seq_in_index: 1
  Column_name: info
    Collation: NULL
  Cardinality: NULL
     Sub_part: NULL
       Packed: NULL
         Null: YES
   Index_type: FULLTEXT
      Comment:
Index_comment:
      Visible: YES
   Expression: NULL
1 row in set (0.05 sec)

ERROR:
No query specified
```

可以看到，t6表中已经创建了名称为infoFTIdx的索引，该索引在info字段上创建，类型为FULLTEXT，允许为空值。

**2.使用CREATE INDEX创建索引**

CREATE INDEX语句可以在已经存在的表上添加索引，MySQL中CREATE INDEX被映射到一个ALTER TABLE语句上，基本语法结构为：

```
CREATE [UNIQUE|FULLTEXT|SPATIAL] INDEX index_name
ON table_name (col_name[length],...) [ASC|DESC]
```

可以看到CREATE INDEX语句和ALTER TABLE语句的语法基本一样，只是关键字不同。

创建相同的表book，假设该表中没有任何索引值：

```
mysql> CREATE TABLE book
    -> (
    -> bookid INT NOT NULL,
    -> bookname VARCHAR(255) NOT NULL,
    -> authors VARCHAR(255) NOT NULL,
    -> info VARCHAR(255) NULL,
    -> comment VARCHAR(255) NULL,
    -> year_publication YEAR NOT NULL
    -> );
Query OK, 0 rows affected (0.17 sec)
```

**示例1：** 在book表中的bookname字段上建立名为BkNameIdx的普通索引

```
mysql> CREATE INDEX BkNameIdx
    -> ON book(bookname);
Query OK, 0 rows affected (0.09 sec)
Records: 0  Duplicates: 0  Warnings: 0
```

**示例2：** 在book表的bookId字段上建立名称为UniqidIdx的唯一索引

```
mysql> CREATE UNIQUE INDEX UniqidIdx ON book(bookId);
Query OK, 0 rows affected (0.27 sec)
Records: 0  Duplicates: 0  Warnings: 0
```

**示例3：** 在book表的comment字段上建立单列索引

```
mysql> CREATE INDEX BkcmtIdx ON book(comment(50));
Query OK, 0 rows affected (0.02 sec)
Records: 0  Duplicates: 0  Warnings: 0
```

**示例4：** 在book表的authors和info字段上建立组合索引

```
mysql> CREATE INDEX BkAuAndInfoIdx ON book(authors(20),info(50));
Query OK, 0 rows affected (0.08 sec)
Records: 0  Duplicates: 0  Warnings: 0
```

使用SHOW INDEX查看数据表book中的索引：

```
mysql> SHOW INDEX FROM book \G;
*************************** 1. row ***************************
        Table: book
   Non_unique: 0
     Key_name: UniqidIdx
 Seq_in_index: 1
  Column_name: bookid
    Collation: A
  Cardinality: 0
     Sub_part: NULL
       Packed: NULL
         Null:
   Index_type: BTREE
      Comment:
Index_comment:
      Visible: YES
   Expression: NULL
*************************** 2. row ***************************
        Table: book
   Non_unique: 1
     Key_name: BkNameIdx
 Seq_in_index: 1
  Column_name: bookname
    Collation: A
  Cardinality: 0
     Sub_part: NULL
       Packed: NULL
         Null:
   Index_type: BTREE
      Comment:
Index_comment:
      Visible: YES
   Expression: NULL
*************************** 3. row ***************************
        Table: book
   Non_unique: 1
     Key_name: BkcmtIdx
 Seq_in_index: 1
  Column_name: comment
    Collation: A
  Cardinality: 0
     Sub_part: 50
       Packed: NULL
         Null: YES
   Index_type: BTREE
      Comment:
Index_comment:
      Visible: YES
   Expression: NULL
*************************** 4. row ***************************
        Table: book
   Non_unique: 1
     Key_name: BkAuAndInfoIdx
 Seq_in_index: 1
  Column_name: authors
    Collation: A
  Cardinality: 0
     Sub_part: 20
       Packed: NULL
         Null:
   Index_type: BTREE
      Comment:
Index_comment:
      Visible: YES
   Expression: NULL
*************************** 5. row ***************************
        Table: book
   Non_unique: 1
     Key_name: BkAuAndInfoIdx
 Seq_in_index: 2
  Column_name: info
    Collation: A
  Cardinality: 0
     Sub_part: 50
       Packed: NULL
         Null: YES
   Index_type: BTREE
      Comment:
Index_comment:
      Visible: YES
   Expression: NULL
5 rows in set (0.06 sec)

ERROR:
No query specified
```

---

## 3.删除索引

**1.使用ALTER TABLE删除索引**

ALTER TABLE删除索引的基本语法格式如下：

```
ALTER TABLE table_name DROP INDEX index_name;
```

**示例：** 删除book表中名称为UniqidIdx的唯一索引

首先查看book表中是否有名称为UniqidIdx的索引：

```
mysql> SHOW CREATE TABLE book \G;
*************************** 1. row ***************************
       Table: book
Create Table: CREATE TABLE `book` (
  `bookid` int(11) NOT NULL,
  `bookname` varchar(255) NOT NULL,
  `authors` varchar(255) NOT NULL,
  `info` varchar(255) DEFAULT NULL,
  `comment` varchar(255) DEFAULT NULL,
  `year_publication` year(4) NOT NULL,
  UNIQUE KEY `UniqidIdx` (`bookid`),
  KEY `BkNameIdx` (`bookname`),
  KEY `BkcmtIdx` (`comment`(50)),
  KEY `BkAuAndInfoIdx` (`authors`(20),`info`(50))
) ENGINE=InnoDB DEFAULT CHARSET=utf8mb4 COLLATE=utf8mb4_0900_ai_ci
1 row in set (0.02 sec)

ERROR:
No query specified
```

可以看到存在名称为UniqidIdex的唯一索引，该索引在bookid字段上创建，下面删除该索引：

```
mysql> ALTER TABLE book DROP INDEX UniqidIdx;
Query OK, 0 rows affected (0.18 sec)
Records: 0  Duplicates: 0  Warnings: 0

mysql> SHOW CREATE TABLE book \G;
*************************** 1. row ***************************
       Table: book
Create Table: CREATE TABLE `book` (
  `bookid` int(11) NOT NULL,
  `bookname` varchar(255) NOT NULL,
  `authors` varchar(255) NOT NULL,
  `info` varchar(255) DEFAULT NULL,
  `comment` varchar(255) DEFAULT NULL,
  `year_publication` year(4) NOT NULL,
  KEY `BkNameIdx` (`bookname`),
  KEY `BkcmtIdx` (`comment`(50)),
  KEY `BkAuAndInfoIdx` (`authors`(20),`info`(50))
) ENGINE=InnoDB DEFAULT CHARSET=utf8mb4 COLLATE=utf8mb4_0900_ai_ci
1 row in set (0.00 sec)

ERROR:
No query specified
```

可以看到，语句执行完成之后，book表中已经没有名称为UniqidIdx的唯一索引。

#### 提示：

添加**AUTO_INCREMENT**约束字段的唯一索引不能删除。

**2.使用DROP INDEX语句删除索引**

DROP INDEX删除索引的基本语法格式如下：

```
DROP INDEX index_name ON table_name;
```

**示例：** 删除book表中名称为BkAuAndInfoIdx的组合索引

```
mysql> DROP INDEX BkAuAndInfoIdx ON book;
Query OK, 0 rows affected (0.09 sec)
Records: 0  Duplicates: 0  Warnings: 0

mysql> SHOW CREATE TABLE book \G;
*************************** 1. row ***************************
       Table: book
Create Table: CREATE TABLE `book` (
  `bookid` int(11) NOT NULL,
  `bookname` varchar(255) NOT NULL,
  `authors` varchar(255) NOT NULL,
  `info` varchar(255) DEFAULT NULL,
  `comment` varchar(255) DEFAULT NULL,
  `year_publication` year(4) NOT NULL,
  KEY `BkNameIdx` (`bookname`),
  KEY `BkcmtIdx` (`comment`(50))
) ENGINE=InnoDB DEFAULT CHARSET=utf8mb4 COLLATE=utf8mb4_0900_ai_ci
1 row in set (0.00 sec)

ERROR:
No query specified
```

可以看到，book表中已经没有名称为BkAuAndInfoIdx的组合索引。

#### 提示：

删除表中的列时，若要删除的列为索引的组成部分，则该列也会从索引中山粗和。若组成索引的所有列都被删除，则整个索引将被删除。

---

## 4.综合案例

创建数据库index_test，并在index_test库中创建两个数据表test_table1和test_table2。

**test_table1表结构**

|字段名|数据类型|主键&#160;&#160;&#160;&#160;|外键&#160;&#160;&#160;&#160;|非空&#160;&#160;&#160;&#160;|唯一&#160;&#160;&#160;&#160;|自增&#160;&#160;&#160;&#160;|
|:---|:---|:---|:---|:---|:---|:---|
|id|int(11)|否|否|是|是|是|
|name|CHAR(100)|否|否|是|否|否|
|address|CHAR(100)|否|否|否|否|否|
|description&#160;&#160;&#160;&#160;|CHAR(100)&#160;&#160;&#160;&#160;|否|否|否|否|否|


**test_table2表结构**

|字段名|数据类型|主键&#160;&#160;&#160;&#160;|外键&#160;&#160;&#160;&#160;|非空&#160;&#160;&#160;&#160;|唯一&#160;&#160;&#160;&#160;|自增&#160;&#160;&#160;&#160;|
|:---|:---|:---|:---|:---|:---|:---|
|id|int(11)|是|否|是|是|否|
|first|CHAR(50)|否|否|是|否|否|
|middlename&#160;&#160;&#160;&#160;&#160;|CHAR(50)|否|否|是|否|否|
|lastname|CHAR(50)|否|否|是|否|否|
|birth|DATE|否|否|是|否|否|
|title|CHAR(100)&#160;&#160;&#160;&#160;|否|否|否|否|否|

1.创建数据库并选择该数据库

```
mysql> CREATE DATABASE index_test;
Query OK, 1 row affected (0.01 sec)

mysql> USE index_test;
Database changed
```
2.创建表test_table1

```
mysql> CREATE TABLE test_table1
    -> (
    -> id INT(11) NOT NULL AUTO_INCREMENT,
    -> name CHAR(100) NOT NULL,
    -> address CHAR(100),
    -> description CHAR(100),
    -> UNIQUE INDEX UniqIdx(id),
    -> INDEX MultiColIdx(name(20),address(30)),
    -> INDEX ComIdx(description(30))
    -> );
Query OK, 0 rows affected, 1 warning (0.17 sec)

mysql> SHOW CREATE TABLE test_table1 \G;
*************************** 1. row ***************************
       Table: test_table1
Create Table: CREATE TABLE `test_table1` (
  `id` int(11) NOT NULL AUTO_INCREMENT,
  `name` char(100) NOT NULL,
  `address` char(100) DEFAULT NULL,
  `description` char(100) DEFAULT NULL,
  UNIQUE KEY `UniqIdx` (`id`),
  KEY `MultiColIdx` (`name`(20),`address`(30)),
  KEY `ComIdx` (`description`(30))
) ENGINE=InnoDB DEFAULT CHARSET=utf8mb4 COLLATE=utf8mb4_0900_ai_ci
1 row in set (0.00 sec)

ERROR:
No query specified
```

3.创建表test_table2，存储引擎为MyISAM

```
mysql> CREATE TABLE test_table2
    -> (
    -> id INT(11) NOT NULL PRIMARY KEY,
    -> firstname CHAR(50) NOT NULL,
    -> middlename CHAR(50) NOT NULL,
    -> lastname CHAR(50) NOT NULL,
    -> birth DATE NOT NULL,
    -> titile CHAR(100)
    -> ) ENGINE=MyISAM;
Query OK, 0 rows affected, 1 warning (0.10 sec)
```

4.使用ALTER TABLE语句在表test_table2的birth字段上建立名称为ComDateIdx的普通索引

```
mysql> ALTER TABLE test_table2 ADD INDEX ComDateIdx(birth);
Query OK, 0 rows affected (0.18 sec)
Records: 0  Duplicates: 0  Warnings: 0
```

5.使用ALTER TABLE语句在表test_table2的id字段上，添加名称为UniqIdx2的唯一索引

```
mysql> ALTER TABLE test_table2 ADD UNIQUE INDEX UniqIdx2 (id);
Query OK, 0 rows affected (0.16 sec)
Records: 0  Duplicates: 0  Warnings: 0
```

6.使用CREATE INDEX在firstname、middlename和lastname这三个字段上建立名为MultiColIdx2的组合索引

```
mysql> CREATE INDEX MultiColIdx2 ON test_table2 (firstname,middlename,lastname);
Query OK, 0 rows affected (0.19 sec)
Records: 0  Duplicates: 0  Warnings: 0
```

7.使用CREATE TABLE在title字段上建立名称为FTIdx的全文索引

```
mysql> CREATE FULLTEXT INDEX FTIdx ON test_table2 (title);
Query OK, 0 rows affected (0.17 sec)
Records: 0  Duplicates: 0  Warnings: 0
```

8.使用ALTER TABLE语句删除test_table1中名称为UniqIdx的唯一索引

```
mysql> ALTER TABLE test_table1 DROP INDEX UniqIdx;
ERROR 1075 (42000): Incorrect table definition; there can be only one auto column and it must be defined as a key
```

可以看到，添加AUTO_INCREMENT约束字段的唯一索引不能被删除。

9.使用DROP INDEX语句删除表test_table2中名称为MultiColIdx2的组合索引

```
mysql> DROP INDEX MultiColIdx2 ON test_table2;
Query OK, 0 rows affected (0.13 sec)
Records: 0  Duplicates: 0  Warnings: 0
```

---
