# 视图

数据库中的视图时一个虚拟表。同真实的表一样，视图包含一系列带有名称的行和列数据。行和列数据来自由定义视图查询所引用的表，并且在引用视图时动态生成。

## 1.视图概述

视图是从一个或多个表中导出的，视图的行为与表非常相似，但视图是一个虚拟表。在视图中用户可以使用SELECT语句查询数据，以及使用INSERT、UPDATE和DELETE修改记录。

### 1.1 视图的含义

视图时一个虚拟表，是从数据库中一个或多个表中导出来的表。视图还可以从已经存在的视图的基础上定义。

视图一经定义便存储在数据库中，与其相应的数据并没有像表那样在数据库中再存储一份，通过视图看到的数据只是存放在基本表中的数据。

对视图的操作与对表的操作是一样的，可以对其进行查询、修改和删除。当对通过视图看到的数据进行修改时，相应的基本表的数据也要发生变化；同时，若基本表的数据发生变化，则这种变化也可以自动地反映到视图中。

例如，有一个student表和stu_info表，在student表中包含了学生地id号和姓名，stu_info表中包含了学生的id号、班级和家庭住址，而现在公布分班信息，只需要id号、姓名和班级。

表设计如下：

```
CREATE TABLE student
(
s_id INT,
name VARCHAR(40)
);


CREATE TABLE stu_info
(
s_id INT,
glass VARCHAR(40),
addr VARCHAR(90)
);
```

通过DESC命令可以查看表的设计，可以获得字段、字段的定义、是否为主键、是否为空、默认值和扩展信息。

视图提供了一个很好的解决方法，创建视图的信息来自表的部分信息，只取需要的信息。这样既满足要求也不需要破坏表原来的结构。

<br>

### 1.2 视图的作用

与直接从数据表中读取相比，视图有以下有点：

**1. 简单化**

看到的就是需要的。视图不仅可以简化用户对数据的理解，也可以简化他们的操作。那些被经常使用的查询可以被定义为视图，从而使得用户不必为以后的操作每次指定全部的条件。

**2. 安全性**

通过视图用户只能查询和修改他们所能见到的数据。数据库中的其他数据则既看不见也取不到。数据库授权命令可以使每个用户对数据库的检索限制到特定的数据库对象，但不能授权到数据库特定行和特定列上。通过视图，用户可以被限制在数据的不同子集上：
1. 使用权限可被限制在基表的行的子集上；
2. 使用权限可被限制在基表的列的子集上；
3. 使用权限可被限制在基表的行和列的子集上；
4. 使用权限可被限制在多个基表的连接所限定的行上；
5. 使用权限可被限制在基表中的数据的统计汇总上；
6. 使用权限可被限制在另一视图的一个子集上，或是一些视图和基表合并后的子集上；

**3. 逻辑数据独立性**

视图可帮助用户屏蔽真实表结构变化带来的影响。

---

## 2.创建视图

### 2.1 创建视图的语法形式

创建视图使用CREATE VIEW语句，基本语法格式如下：

```
CREATE [OR REPLACE] [ALGORITHM = {UNDEFINED|MERGE|TEMPTABLE}]
VIEW view_name [(column_list)]
AS SELECT_statement
[VIEW [CASCADED|LOCAL] CHECK OPTION]
```

其中：
* CREATE表示创建新的视图；
* REPLACE表示替换已经创建的视图；
* ALGORITHM表示视图选择的算法；
* view_name为视图的名称，column_list为属性列；
* SELECT_statement表示SELECT语句；
* WITH[CASCADED|LOCAL] CHECK OPTION表示参数在更新时保证在视图的权限范围之内（LOCAL为默认值，表示更新视图时要满足所有相关视图和表的条件；LOCAL）；

ALGORITHM的值有3个，分别是UNDEFINED|MERGE|TEMPTABLE：
* UNDEFINED表示MySQL将自动选择算法；
* MERGE表示将使用的视图语句与视图定义合并起来，使得视图定义的一部分取代语句对应的部分；
* TEMPTABLE表示将视图的结果存入临时表，然后用临时表来执行语句

这些语句要求具有针对视图的CREATE VIEW权限，以及针对由SELECT语句选择的每一列上的某些权限。对于在SELECT语句中其他地方使用的列，必须具有SELECT权限。若还有OR REPLACE子句，必须在视图上具有DROP权限。

视图属于数据库。在默认情况下，将在当前数据库创建新视图。要想在给定数据库中明确创建视图，创建时应将名称指定为db_name.view_name。

<br>

### 2.2 在单表上创建视图

MySQL可以在单个数据表上创建视图

**示例1：** 在t表上创建一个名为view_t的视图

首先创建表t并插入数据：

```
mysql> CREATE TABLE t (quantity INT,price INT);
Query OK, 0 rows affected (0.12 sec)

mysql> INSERT INTO t VALUES (3,50);
Query OK, 1 row affected (0.06 sec)
```

创建名称为view_t的视图：

```
mysql> CREATE VIEW view_t AS SELECT quantity,price,quantity*price FROM t;
Query OK, 0 rows affected (0.06 sec)

mysql> SELECT * FROM view_t;
+----------+-------+----------------+
| quantity | price | quantity*price |
+----------+-------+----------------+
|        3 |    50 |            150 |
+----------+-------+----------------+
```

默认情况下创建的视图和基本表的字段都是一样的，也可以通过指定视图字段的名称来创建视图

**示例2：** 在t表格上创建一个名为view_t2的视图

```
mysql> CREATE VIEW view_t2(qty,price,total) AS SELECT quantity,price,quantity*price FROM t;
Query OK, 0 rows affected (0.05 sec)

mysql> SELECT * FROM view_t2;
+------+-------+-------+
| qty  | price | total |
+------+-------+-------+
|    3 |    50 |   150 |
+------+-------+-------+
```

<br>

### 2.3 在多表上创建视图

MySQL中也可以在两个或两个以上的表上创建视图，可以使用CREATE VIEW语句实现。

**示例：** 在表student和stu_info上创建视图stu_glass

```
mysql> CREATE TABLE student (s_id INT,name VARCHAR(40));
Query OK, 0 rows affected (0.14 sec)

mysql> CREATE TABLE stu_info (s_id INT,glass VARCHAR(40),addr VARCHAR(90));
Query OK, 0 rows affected (0.14 sec)

mysql> INSERT INTO student VALUES (1,'wanglin1'),(2,'gaoli'),(3,'zhanghai');
Query OK, 3 rows affected (0.05 sec)
Records: 3  Duplicates: 0  Warnings: 0

mysql> INSERT INTO stu_info VALUES (1,'wuban','henan'),(2,'liuban','hebei'),(3,'qiban','shandong');
Query OK, 3 rows affected (0.05 sec)
Records: 3  Duplicates: 0  Warnings: 0

mysql> CREATE VIEW stu_glass (id,name,glass) AS SELECT student.s_id,student.name,stu_info.glass FROM student,stu_info WHERE student.s_id=stu_info.s_id;
Query OK, 0 rows affected (0.05 sec)

mysql> SELECT * FROM stu_glass;
+------+----------+--------+
| id   | name     | glass  |
+------+----------+--------+
|    1 | wanglin1 | wuban  |
|    2 | gaoli    | liuban |
|    3 | zhanghai | qiban  |
+------+----------+--------+
```

这个例子就解决了刚开始提出的问题，通过视图可以很好地保护基本表中地数据。这个视图中地信息很简单，只包含了id、姓名和班级，id字段对应student表中的s_id字段，name字段对应student表中的name字段，glass字段对应stu_info表中的glass字段。

---

## 3.查看视图

查看视图是查看数据库中已经存在的视图的定义。查看视图必须要有SHOW VIEW的权限，MySQL数据库下的user表中保存着这个信息。查看视图的方法包括：DESCRIBE、SHOW TABLE STATUS和SHOW CREATE VIEW。

### 3.1 使用DESCRIBE语句查看视图基本信息

DESCRIBE可以用来查看视图，具体语法为：`DESCRIBE 视图名;`

**示例：** 通过DESCRIBE语句查看视图view_t的定义

```
mysql> DESCRIBE view_t;
+----------------+------------+------+-----+---------+-------+
| Field          | Type       | Null | Key | Default | Extra |
+----------------+------------+------+-----+---------+-------+
| quantity       | int(11)    | YES  |     | NULL    |       |
| price          | int(11)    | YES  |     | NULL    |       |
| quantity*price | bigint(21) | YES  |     | NULL    |       |
+----------------+------------+------+-----+---------+-------+
```

结果显示出了视图的字段定义、字段的数据类型、是否为空、是否为主/外键、默认值和额外信息。

DESCRIBE一般情况下都简写成DESC，输入这个命令的执行结果和输入DESCRIBE的执行结果是一样的。

<br>

### 3.2 使用SHOW TABLE STATUS语句查看视图基本信息

查看视图的信息可以通过SHOW TABLE STATUS的方法，具体语法为：`SHOW TABLE STATUS LIKE '视图名';`

**示例：**

```
mysql> SHOW TABLE STATUS LIKE 'view_t' \G;
*************************** 1. row ***************************
           Name: view_t
         Engine: NULL
        Version: NULL
     Row_format: NULL
           Rows: NULL
 Avg_row_length: NULL
    Data_length: NULL
Max_data_length: NULL
   Index_length: NULL
      Data_free: NULL
 Auto_increment: NULL
    Create_time: 2019-12-05 10:07:36
    Update_time: NULL
     Check_time: NULL
      Collation: NULL
       Checksum: NULL
 Create_options: NULL
        Comment: VIEW
1 row in set (0.03 sec)

ERROR:
No query specified
```

执行结果显示，表的说明Comment的值为VIEW说明该表为视图，其他的信息为NULL说明这是一个虚表。用同样的语句查看数据表t的信息：

```
mysql> SHOW TABLE STATUS LIKE 't' \G;
*************************** 1. row ***************************
           Name: t
         Engine: InnoDB
        Version: 10
     Row_format: Dynamic
           Rows: 1
 Avg_row_length: 16384
    Data_length: 16384
Max_data_length: 0
   Index_length: 0
      Data_free: 0
 Auto_increment: NULL
    Create_time: 2019-12-05 10:05:46
    Update_time: 2019-12-05 10:06:01
     Check_time: NULL
      Collation: utf8mb4_0900_ai_ci
       Checksum: NULL
 Create_options:
        Comment:
1 row in set (0.06 sec)

ERROR:
No query specified
```

从查询结果来看，这里的信息包含了存储引擎、创建时间等，Comment信息为空，这就是**视图**和**表**的区别。

<br>

### 3.3 使用SHOW CREATE VIEW语句查看视图详细信息

使用SHOW CREATE VIEW语句可以查看视图详细定义，语法为：`SHOW CREATE VIEW 视图名;`

**示例：**

```
mysql> SHOW CREATE VIEW view_t \G;
*************************** 1. row ***************************
                View: view_t
         Create View: CREATE ALGORITHM=UNDEFINED DEFINER=`root`@`localhost` SQL SECURITY DEFINER VIEW `view_t` AS select `t`.`quantity` AS `quantity`,`t`.`price` AS `price`,(`t`.`quantity` * `t`.`price`) AS `quantity*price` from `t`
character_set_client: utf8mb4
collation_connection: utf8mb4_0900_ai_ci
1 row in set (0.01 sec)

ERROR:
No query specified
```

执行结果显示视图的名称、创建视图的语句等信息。

<br>

### 3.4 在views表中查看视图详细信息

在MySQL中，information_schema数据库下的views表中存储了所有视图的定义。通过对views表的查询，可以查看数据库中所有视图的详细信息，查询语句为：`SELECT * FROM information_schema.views;`

**示例：** 在views表中查看视图的详细定义

```
*************************** 108. row ***************************
       TABLE_CATALOG: def
        TABLE_SCHEMA: test
          TABLE_NAME: view_t
     VIEW_DEFINITION: select `test`.`t`.`quantity` AS `quantity`,`test`.`t`.`price` AS `price`,(`test`.`t`.`quantity` * `test`.`t`.`price`) AS `quantity*price` from `test`.`t`
        CHECK_OPTION: NONE
        IS_UPDATABLE: YES
             DEFINER: root@localhost
       SECURITY_TYPE: DEFINER
CHARACTER_SET_CLIENT: utf8mb4
COLLATION_CONNECTION: utf8mb4_0900_ai_ci
*************************** 109. row ***************************
       TABLE_CATALOG: def
        TABLE_SCHEMA: test
          TABLE_NAME: view_t2
     VIEW_DEFINITION: select `test`.`t`.`quantity` AS `quantity`,`test`.`t`.`price` AS `price`,(`test`.`t`.`quantity` * `test`.`t`.`price`) AS `quantity*price` from `test`.`t`
        CHECK_OPTION: NONE
        IS_UPDATABLE: YES
             DEFINER: root@localhost
       SECURITY_TYPE: DEFINER
CHARACTER_SET_CLIENT: utf8mb4
COLLATION_CONNECTION: utf8mb4_0900_ai_ci
*************************** 110. row ***************************
       TABLE_CATALOG: def
        TABLE_SCHEMA: test
          TABLE_NAME: stu_glass
     VIEW_DEFINITION: select `test`.`student`.`s_id` AS `s_id`,`test`.`student`.`name` AS `name`,`test`.`stu_info`.`glass` AS `glass` from `test`.`student` join `test`.`stu_info` where (`test`.`student`.`s_id` = `test`.`stu_info`.`s_id`)
        CHECK_OPTION: NONE
        IS_UPDATABLE: YES
             DEFINER: root@localhost
       SECURITY_TYPE: DEFINER
CHARACTER_SET_CLIENT: utf8mb4
COLLATION_CONNECTION: utf8mb4_0900_ai_ci
110 rows in set (0.00 sec)

ERROR:
No query specified
```

---

## 4.修改视图

修改视图是指修改数据库中存在的视图，当基本表的某些字段发生变化的时候，可以通过修改视图来保持与基本表的一致性。MySQL通过CREATE OR REPLACE VIEW语句和ALTER语句来修改视图。

### 4.1 使用CREATE OR REPLACE VIEW语句修改视图

MySQL中如果修改视图，使用CREATE OR REPLACE VIEW语句，语法格式为：

```
CREATE [OR REPLACE] [ALGORITHM = {UNDEFINED|MERGE|TEMPTABLE}]
VIEW view_name [(column_list)]
AS SELECT_statement
[WITH [CASCADED|LOCAL] CHECK OPTION]
```

可以看到，修改视图的语句和创建视图的语句是完全一样的。当视图已经存在时，修改语句对视图进行修改；当视图不存在时，创建视图。

**示例：** 修改视图view_t

```
mysql> DESC view_t;
+----------------+------------+------+-----+---------+-------+
| Field          | Type       | Null | Key | Default | Extra |
+----------------+------------+------+-----+---------+-------+
| quantity       | int(11)    | YES  |     | NULL    |       |
| price          | int(11)    | YES  |     | NULL    |       |
| quantity*price | bigint(21) | YES  |     | NULL    |       |
+----------------+------------+------+-----+---------+-------+

mysql> CREATE OR REPLACE VIEW view_t AS SELECT * FROM t;
Query OK, 0 rows affected (0.02 sec)

mysql> DESC view_t;
+----------+---------+------+-----+---------+-------+
| Field    | Type    | Null | Key | Default | Extra |
+----------+---------+------+-----+---------+-------+
| quantity | int(11) | YES  |     | NULL    |       |
| price    | int(11) | YES  |     | NULL    |       |
+----------+---------+------+-----+---------+-------+
```

从执行结果来看，相比原来的视图view_t，新视图view_t少了一个字段。

<br>

### 4.2 使用ALTER语句修改视图

ALTER语句是MySQL提供的另外一种修改视图的方法，语法如下：

```
ALTER [ALGORITHM = {UNDEFINED|MERGE|TEMPTABLE}]
VIEW view_name [(column_list)]
AS SELECT_statement
[WITH [CASCADED|LOCAL] CHECK OPTION]
```

该语法和前面视图的关键字一样。

**示例：** 使用ALTER语句修改视图view_t

```
mysql> DESC view_t;
+----------+---------+------+-----+---------+-------+
| Field    | Type    | Null | Key | Default | Extra |
+----------+---------+------+-----+---------+-------+
| quantity | int(11) | YES  |     | NULL    |       |
| price    | int(11) | YES  |     | NULL    |       |
+----------+---------+------+-----+---------+-------+

mysql> ALTER VIEW view_t AS SELECT quantity FROM t;
Query OK, 0 rows affected (0.06 sec)

mysql> DESC view_t;
+----------+---------+------+-----+---------+-------+
| Field    | Type    | Null | Key | Default | Extra |
+----------+---------+------+-----+---------+-------+
| quantity | int(11) | YES  |     | NULL    |       |
+----------+---------+------+-----+---------+-------+
```

通过ALTER语句同样可以达到修改视图view_t的目的，从上面的执行过程来看，视图view_t只剩一个quantity字段，修改成功。

---

## 5.更新视图

更新视图是指通过视图插入、更新、删除表中的数据，因为视图是一个虚拟表，其中没有数据。通过视图更新的时候都是转到基本表上进行更新的，若对视图增加或者删除记录，实际上是对其基本表增加或者删除记录。

**示例1：** 使用UPDATE语句更新视图view_t

首先查看基本表和视图的信息：

```
mysql> SELECT * FROM view_t;
+----------+
| quantity |
+----------+
|        3 |
+----------+

mysql> SELECT * FROM t;
+----------+-------+
| quantity | price |
+----------+-------+
|        3 |    50 |
+----------+-------+
```

使用UPDATE语句更新视图view_t

```
mysql> UPDATE view_t SET quantity=5;
Query OK, 1 row affected (0.06 sec)
Rows matched: 1  Changed: 1  Warnings: 0

mysql> SELECT * FROM t;
+----------+-------+
| quantity | price |
+----------+-------+
|        5 |    50 |
+----------+-------+

mysql> SELECT * FROM view_t;
+----------+
| quantity |
+----------+
|        5 |
+----------+

mysql> SELECT * FROM view_t2;
+------+-------+-------+
| qty  | price | total |
+------+-------+-------+
|    5 |    50 |   250 |
+------+-------+-------+
```

对视图view_t更新后，基本表t的内容也更新了，同样对基本表t更新后，另外一个视图view_t2的内容也会更新。

**示例2：** 使用INSERT语句在基本表t中插入一条记录

```
mysql> INSERT INTO t VALUES (3,5);
Query OK, 1 row affected (0.05 sec)

mysql> SELECT * FROM t;
+----------+-------+
| quantity | price |
+----------+-------+
|        5 |    50 |
|        3 |     5 |
+----------+-------+

mysql> SELECT * FROM view_t2;
+------+-------+-------+
| qty  | price | total |
+------+-------+-------+
|    5 |    50 |   250 |
|    3 |     5 |    15 |
+------+-------+-------+
```

向表t中插入一条记录，通过SELECT查看表t和视图view_t2，可以看到其中的内容也跟着更新，视图更新的不仅仅是数量和单价，总价也会更新。

**示例3：** 使用DELETE语句删除view_t2中的一条记录

```
mysql> DELETE FROM view_t2 WHERE price=5;
Query OK, 1 row affected (0.05 sec)

mysql> SELECT * FROM view_t2;
+------+-------+-------+
| qty  | price | total |
+------+-------+-------+
|    5 |    50 |   250 |
+------+-------+-------+

mysql> SELECT * FROM t;
+----------+-------+
| quantity | price |
+----------+-------+
|        5 |    50 |
+----------+-------+
```

在视图view_t2中删除price=5的记录，视图中的删除操作最终通过删除基本表中相关的记录实现的，查看删除操作后的表t和视图view_t2，可以看到通过视图删除其所以来的基本表中的数据。

当视图中包含如下内容时，视图的更新操作将不能执行：
* 视图中不包含基本表中被定义为非空的列；
* 在定义视图的SELECT语句后的字段列表中使用了数学表达式；
* 在定义视图的SELECT语句后的字段列表中使用聚合函数；
* 在定义视图的SELECT语句中使用了DISTINCT，UNION，TOP，GROUP BY或HAVING子句；

---

## 6.删除视图

当视图不再需要时，可以将其删除，删除一个或多个视图可以使用DROP VIEW语句，语法为：

```
DROP VIEW [IF EXISTS]
	view_name [, view_name] ...
	[RESTRICT|CASCADE]
```

其中，view_name是要删除的视图名称，可以添加多个需要删除的视图名称，各个名称之间使用逗号分隔开。删除视图必须拥有DROP权限。

**示例：** 删除stu_glass视图

```
mysql> DROP VIEW IF EXISTS stu_glass;
Query OK, 0 rows affected (0.06 sec)

mysql> SHOW CREATE VIEW stu_glass;
ERROR 1146 (42S02): Table 'test.stu_glass' doesn't exist
```

可以看到，stu_glass视图已经不存在了，删除成功了。

---

## 7.综合案例

**stu表结构**

|字段名|数据类型|主键&#160;&#160;&#160;&#160;|外键&#160;&#160;&#160;&#160;|非空&#160;&#160;&#160;&#160;|唯一&#160;&#160;&#160;&#160;|自增&#160;&#160;&#160;&#160;|
|:---|:---|:---|:---|:---|:---|:---|
|s_id|INT|是|否|是|是|否|
|s_name&#160;&#160;&#160;&#160;&#160;&#160;&#160;&#160;|VARCHAR(20)&#160;&#160;&#160;&#160;|否|否|是|否|否|
|addr|VARCHAR(50)|否|否|是|否|否|
|tel|VARCHAR(50)|否|否|是|否|否|

**sign表结构**

|字段名|数据类型|主键&#160;&#160;&#160;&#160;|外键&#160;&#160;&#160;&#160;|非空&#160;&#160;&#160;&#160;|唯一&#160;&#160;&#160;&#160;|自增&#160;&#160;&#160;&#160;|
|:---|:---|:---|:---|:---|:---|:---|
|s_id|INT|是|否|是|是|是|
|s_name|VARCHAR(20)|否|否|是|否|否|
|s_sch|VARCHAR(50)|否|否|是|否|否|
|s_sign_sch&#160;&#160;&#160;&#160;|VARCHAR(50)&#160;&#160;&#160;&#160;|否|否|是|否|否|

**stu_mark表结构**

|字段名|数据类型|主键&#160;&#160;&#160;&#160;|外键&#160;&#160;&#160;&#160;|非空&#160;&#160;&#160;&#160;|唯一&#160;&#160;&#160;&#160;|自增&#160;&#160;&#160;&#160;|
|:---|:---|:---|:---|:---|:---|:---|
|s_id|INT|是|否|是|是|否|
|s_name&#160;&#160;&#160;&#160;&#160;&#160;&#160;&#160;|VARCHAR(50)&#160;&#160;&#160;&#160;|否|否|是|否|否|
|mark|INT|否|否|是|否|否|

<br>

1.创建学生表stu并插入3条记录：

```
mysql> CREATE TABLE stu
    -> (
    -> s_id INT PRIMARY KEY,
    -> s_name VARCHAR(20) NOT NULL,
    -> addr VARCHAR(50) NOT NULL,
    -> tel VARCHAR(50) NOT NULL
    -> );
Query OK, 0 rows affected (0.15 sec)

mysql> INSERT INTO stu VALUES
    -> (1,'XiaoWang','Henan','0371-12345678'),
    -> (2,'XiaoLi','Hebei','13889072345'),
    -> (3,'XiaoTian','Henan','0371-12345670');
Query OK, 3 rows affected (0.06 sec)
Records: 3  Duplicates: 0  Warnings: 0

mysql> SELECT * FROM stu;
+------+----------+-------+---------------+
| s_id | s_name   | addr  | tel           |
+------+----------+-------+---------------+
|    1 | XiaoWang | Henan | 0371-12345678 |
|    2 | XiaoLi   | Hebei | 13889072345   |
|    3 | XiaoTian | Henan | 0371-12345670 |
+------+----------+-------+---------------+
```

2.创建报名表sign并插入3条数据

```
mysql> CREATE TABLE sign
    -> (
    -> s_id INT PRIMARY KEY,
    -> s_name VARCHAR(20) NOT NULL,
    -> s_sch VARCHAR(50) NOT NULL,
    -> s_sign_sch VARCHAR(50) NOT NULL
    -> );
Query OK, 0 rows affected (0.14 sec)

mysql> INSERT INTO sign VALUES
    -> (1,'XiaoWang','Middle School1','Peking University'),
    -> (2,'XiaoLi','Middle School2','Tsinghua University'),
    -> (3,'XiaoTian','Middle School3','Tsinghua University');
Query OK, 3 rows affected (0.05 sec)
Records: 3  Duplicates: 0  Warnings: 0

mysql> SELECT * FROM sign;
+------+----------+----------------+---------------------+
| s_id | s_name   | s_sch          | s_sign_sch          |
+------+----------+----------------+---------------------+
|    1 | XiaoWang | Middle School1 | Peking University   |
|    2 | XiaoLi   | Middle School2 | Tsinghua University |
|    3 | XiaoTian | Middle School3 | Tsinghua University |
+------+----------+----------------+---------------------+
```

3.创建成绩表stu_mark并插入3条记录：

```
mysql> CREATE TABLE stu_mark
    -> (
    -> s_id INT PRIMARY KEY,
    -> s_name VARCHAR(20) NOT NULL,
    -> mark INT NOT NULL
    -> );
Query OK, 0 rows affected (0.14 sec)

mysql> INSERT INTO stu_mark VALUES
    -> (1,'XiaoWang',80),
    -> (2,'XiaoLi',71),
    -> (3,'XiaoTian',70);
Query OK, 3 rows affected (0.05 sec)
Records: 3  Duplicates: 0  Warnings: 0

mysql> SELECT * FROM stu_mark;
+------+----------+------+
| s_id | s_name   | mark |
+------+----------+------+
|    1 | XiaoWang |   80 |
|    2 | XiaoLi   |   71 |
|    3 | XiaoTian |   70 |
+------+----------+------+
```

4.创建考上Peking University的学生的视图:

```
mysql> CREATE VIEW beida (id,name,mark,sch) AS SELECT stu_mark.s_id,stu_mark.s_name,stu_mark.mark,sign.s_sign_sch
    -> FROM stu_mark,sign
    -> WHERE stu_mark.s_id=sign.s_id
    -> AND stu_mark.mark>=41
    -> AND sign.s_sign_sch='Peking University';
Query OK, 0 rows affected (0.06 sec)

mysql> SELECT * FROM beida;
+----+----------+------+-------------------+
| id | name     | mark | sch               |
+----+----------+------+-------------------+
|  1 | XiaoWang |   80 | Peking University |
+----+----------+------+-------------------+
```

视图beida包含了考上Peking University的学号、姓名、成绩和报考的学校名称，其中，报考的学校名称为Peiking University。通过SELECT语句进行查看，可以获得成绩在Peking University分数线(41)之上的学生信息。

5.创建考上Tsinghua University的学生的视图:

```
mysql> CREATE VIEW qinghua (id,name,mark,sch) AS SELECT stu_mark.s_id,stu_mark.s_name,stu_mark.mark,sign.s_sign_sch
    -> FROM stu_mark,sign
    -> WHERE stu_mark.s_id=sign.s_id
    -> AND stu_mark.mark>=40
    -> AND sign.s_sign_sch='Tsinghua University';
Query OK, 0 rows affected (0.05 sec)

mysql> SELECT * FROM qinghua;
+----+----------+------+---------------------+
| id | name     | mark | sch                 |
+----+----------+------+---------------------+
|  2 | XiaoLi   |   71 | Tsinghua University |
|  3 | XiaoTian |   70 | Tsinghua University |
+----+----------+------+---------------------+
```

视图qinghua只包含了成绩在Tsinghua University分数线之上的学生的信息，这些信息包含学号、姓名、成绩和报考学校。

6.XiaoTian的成绩在录入的时候录入错误，多录了50分，对其录入成绩进行更正：

```
mysql> UPDATE stu_mark SET mark = mark - 50 WHERE stu_mark.s_name='XiaoTian';
Query OK, 1 row affected (0.05 sec)
Rows matched: 1  Changed: 1  Warnings: 0
```

7.查看更新后的视图和表的情况

```
mysql> SELECT * FROM stu_mark;
+------+----------+------+
| s_id | s_name   | mark |
+------+----------+------+
|    1 | XiaoWang |   80 |
|    2 | XiaoLi   |   71 |
|    3 | XiaoTian |   20 |
+------+----------+------+
3 rows in set (0.00 sec)

mysql> SELECT * FROM beida;
+----+----------+------+-------------------+
| id | name     | mark | sch               |
+----+----------+------+-------------------+
|  1 | XiaoWang |   80 | Peking University |
+----+----------+------+-------------------+
1 row in set (0.00 sec)

mysql> SELECT * FROM qinghua;
+----+--------+------+---------------------+
| id | name   | mark | sch                 |
+----+--------+------+---------------------+
|  2 | XiaoLi |   71 | Tsinghua University |
+----+--------+------+---------------------+
```

8.查看视图的创建信息：

```
*************************** 1. row ***************************
       TABLE_CATALOG: def
        TABLE_SCHEMA: test
          TABLE_NAME: view_t
     VIEW_DEFINITION: select `test`.`t`.`quantity` AS `quantity` from `test`.`t`
        CHECK_OPTION: NONE
        IS_UPDATABLE: YES
             DEFINER: root@localhost
       SECURITY_TYPE: DEFINER
CHARACTER_SET_CLIENT: utf8mb4
COLLATION_CONNECTION: utf8mb4_0900_ai_ci
*************************** 2. row ***************************
       TABLE_CATALOG: def
        TABLE_SCHEMA: test
          TABLE_NAME: view_t2
     VIEW_DEFINITION: select `test`.`t`.`quantity` AS `quantity`,`test`.`t`.`price` AS `price`,(`test`.`t`.`quantity` * `test`.`t`.`price`) AS `quantity*price` from `test`.`t`
        CHECK_OPTION: NONE
        IS_UPDATABLE: YES
             DEFINER: root@localhost
       SECURITY_TYPE: DEFINER
CHARACTER_SET_CLIENT: utf8mb4
COLLATION_CONNECTION: utf8mb4_0900_ai_ci
*************************** 3. row ***************************
       TABLE_CATALOG: def
        TABLE_SCHEMA: test
          TABLE_NAME: beida
     VIEW_DEFINITION: select `test`.`stu_mark`.`s_id` AS `s_id`,`test`.`stu_mark`.`s_name` AS `s_name`,`test`.`stu_mark`.`mark` AS `mark`,`test`.`sign`.`s_sign_sch` AS `s_sign_sch` from `test`.`stu_mark` join `test`.`sign` where ((`test`.`stu_mark`.`s_id` = `test`.`sign`.`s_id`) and (`test`.`stu_mark`.`mark` >= 41) and (`test`.`sign`.`s_sign_sch` = 'Peking University'))
        CHECK_OPTION: NONE
        IS_UPDATABLE: YES
             DEFINER: root@localhost
       SECURITY_TYPE: DEFINER
CHARACTER_SET_CLIENT: utf8mb4
COLLATION_CONNECTION: utf8mb4_0900_ai_ci
*************************** 4. row ***************************
       TABLE_CATALOG: def
        TABLE_SCHEMA: test
          TABLE_NAME: qinghua
     VIEW_DEFINITION: select `test`.`stu_mark`.`s_id` AS `s_id`,`test`.`stu_mark`.`s_name` AS `s_name`,`test`.`stu_mark`.`mark` AS `mark`,`test`.`sign`.`s_sign_sch` AS `s_sign_sch` from `test`.`stu_mark` join `test`.`sign` where ((`test`.`stu_mark`.`s_id` = `test`.`sign`.`s_id`) and (`test`.`stu_mark`.`mark` >= 40) and (`test`.`sign`.`s_sign_sch` = 'Tsinghua University'))
        CHECK_OPTION: NONE
        IS_UPDATABLE: YES
             DEFINER: root@localhost
       SECURITY_TYPE: DEFINER
CHARACTER_SET_CLIENT: utf8mb4
COLLATION_CONNECTION: utf8mb4_0900_ai_ci
111 rows in set (0.01 sec)

ERROR:
No query specified
```

这里包含了所有的视图的信息，里面有刚刚创建的beida和qinghua的视图信息，包括所属的数据库、创建的视图语句等。

9.删除创建的视图：

```
mysql> DROP VIEW beida;
Query OK, 0 rows affected (0.06 sec)

mysql> DROP VIEW qinghua;
Query OK, 0 rows affected (0.05 sec)
```

语句执行完毕之后，qinghua和beida的两个视图分别被成功删除。

---
