# MySQL触发器

MySQL的触发器和存储过程一样，都是嵌入到MySQL的一段程序。触发器是由事件来触发某个操作，这些事件包括INSERT、UPDATE和DELETE语句。

若定义了触发程序，当数据库执行这些语句的时候就会激发触发器执行相应的操作，触发程序是与表有关的命名数据库对象，当表上出现特定事件时，将激活该对象。

## 1.创建触发器

触发器(trigger)是个特殊的存储过程，不同的是，执行存储过程要使用CALL语句来调用，而触发器的执行不需要使用CALL语句来调用，也不需要手工启动，只要当一个预定义的事件发生的时候，就会被MySQL自动执行。

触发器可以查询其他表，且可以包含复杂的SQL语句。它们主要用于满足复杂的业务规则或要求。

### 1.1 创建只有一个执行语句的触发器

创建一个触发器的语法如下：

```
CREATE TRIGGER trigger_name trigger_time trigger_event
ON tbl_name FOR EACH ROW trigger_stmt
```

其中：
* trigger_name为触发器名称，用户自行指定；
* trigger_time为触发时机，可以指定为before或after；
* trigger_event为触发事件，包括INSERT、UPDATE和DELETE；
* tbl_name为建立触发器的表名，即在哪张表上建立触发器；
* trigger_stmt为触发器执行语句；

**示例：** 创建一个单执行语句的触发器

首先创建一个account表，表中有两个字段，分别为：acct_num字段和amount字段：

```
mysql> CREATE TABLE account
    -> (
    -> acct_num INT,
    -> amount DECIMAL(10,2)
    -> );
Query OK, 0 rows affected (0.10 sec)
```

然后创建一个名为ins_sum的触发器，触发的条件是向数据表account插入数据之前，对新插入的amount字段执行求和计算：

```
mysql> CREATE TRIGGER ins_sum BEFORE INSERT ON account
    -> FOR EACH ROW SET @sum = @sum + NEW.amount;
Query OK, 0 rows affected (0.07 sec)

mysql> SET @sum = 0;
Query OK, 0 rows affected (0.05 sec)

mysql> INSERT INTO account VALUES (1,1.00),(2,2.00);
Query OK, 2 rows affected (0.06 sec)
Records: 2  Duplicates: 0  Warnings: 0

mysql> SELECT @sum;
+------+
| @sum |
+------+
| 3.00 |
+------+
```

<br>

### 1.2 创建有多个执行语句的触发器

创建有多个执行语句的触发器的语法如下：

```
CREATE TRIGGER trigger_name trigger_time trigger_event
ON tbl_name FOR EACH ROW
BEGIN
语句执行列表
END
```

其中：
* trigger_name为触发器名称，用户自行指定；
* trigger_time为触发时机，可以指定为before或after；
* trigger_event为触发事件，包括INSERT、UPDATE和DELETE；
* tbl_name为建立触发器的表名，即在哪张表上建立触发器；
* 触发器程序可以使用BEGIN和END作为开始和结束，中间包含多条语句；

**示例：** 创建一个包含多个执行语句的触发器

```
mysql> CREATE TABLE test1 (a1 INT);
Query OK, 0 rows affected (0.13 sec)

mysql> CREATE TABLE test2 (a2 INT);
Query OK, 0 rows affected (0.11 sec)

mysql> CREATE TABLE test3 (a3 INT NOT NULL AUTO_INCREMENT PRIMARY KEY);
Query OK, 0 rows affected (0.11 sec)

mysql> CREATE TABLE test4
    -> (
    -> a4 INT NOT NULL AUTO_INCREMENT PRIMARY KEY,
    -> b4 INT DEFAULT 0
    -> );
Query OK, 0 rows affected (0.14 sec)

mysql> DELIMITER //
mysql> CREATE TRIGGER testref BEFORE INSERT ON test1
    -> FOR EACH ROW
    -> BEGIN
    -> INSERT INTO test2 SET a2 = NEW.a1;
    -> DELETE FROM test3 WHERE a3 = NEW.a1;
    -> UPDATE test4 SET b4 = b4 + 1 WHERE a4 = NEW.a1;
    -> END //
Query OK, 0 rows affected (0.06 sec)

mysql> DELIMITER ;

mysql> INSERT INTO test3 (a3) VALUES
    -> (NULL), (NULL), (NULL), (NULL), (NULL),
    -> (NULL), (NULL), (NULL), (NULL), (NULL);
Query OK, 10 rows affected (0.05 sec)
Records: 10  Duplicates: 0  Warnings: 0

mysql> INSERT INTO test4 (a4) VALUES
    -> (0),(0),(0),(0),(0),(0),(0),(0),(0),(0);
Query OK, 10 rows affected (0.05 sec)
Records: 10  Duplicates: 0  Warnings: 0

mysql> INSERT INTO test1 VALUES
    -> (1), (3), (1), (7), (1), (8), (4), (4);
Query OK, 8 rows affected (0.06 sec)
Records: 8  Duplicates: 0  Warnings: 0

mysql> SELECT * FROM test1;
+------+
| a1   |
+------+
|    1 |
|    3 |
|    1 |
|    7 |
|    1 |
|    8 |
|    4 |
|    4 |
+------+

mysql> SELECT * FROM test2;
+------+
| a2   |
+------+
|    1 |
|    3 |
|    1 |
|    7 |
|    1 |
|    8 |
|    4 |
|    4 |
+------+

mysql> SELECT * FROM test3;
+----+
| a3 |
+----+
|  2 |
|  5 |
|  6 |
|  9 |
| 10 |
+----+

mysql> SELECT * FROM test4;
+----+------+
| a4 | b4   |
+----+------+
|  1 |    3 |
|  2 |    0 |
|  3 |    1 |
|  4 |    2 |
|  5 |    0 |
|  6 |    0 |
|  7 |    1 |
|  8 |    1 |
|  9 |    0 |
| 10 |    0 |
+----+------+
```

---

## 2.查看触发器

查看触发器是指查看数据库中已经存在的触发器的定义、状态和语法信息等。可以通过命令来查看已经创建的触发器。

### 2.1 SHOW TIGGERS语句查看触发器信息

通过SHOW TIGGERS查看触发器的语句为：`SHOW TIGGERS;`

**示例：** 通过SHOW TRIGGER命令查看一个触发器

首先创建一个简单的触发器，名称为trig_update，每次向account表更新数据之后都会向名称为myevent的数据表中插入一条记录，数据表myevent定义如下：

```
mysql> CREATE TABLE myevent
    -> (
    -> id INT(11) DEFAULT NULL,
    -> event_name CHAR(20) DEFAULT NULL
    -> );
Query OK, 0 rows affected, 1 warning (0.08 sec)
```

创建触发器：

```
mysql> CREATE TRIGGER trig_update AFTER UPDATE ON account
    -> FOR EACH ROW INSERT INTO myevent VALUES (1,'after update');
Query OK, 0 rows affected (0.06 sec)
```

使用SHOW TIGGERS命令查看触发器：

```
mysql> SHOW TRIGGERS;
+-------------+--------+---------+-----------------------------------------------------------------------------------------------------------------------------------+--------+------------------------+--------------------------------------------+----------------+----------------------+----------------------+--------------------+
| Trigger     | Event  | Table   | Statement                                                                                                                         | Timing | Created                | sql_mode                                   | Definer        | character_set_client | collation_connection | Database Collation |
+-------------+--------+---------+-----------------------------------------------------------------------------------------------------------------------------------+--------+------------------------+--------------------------------------------+----------------+----------------------+----------------------+--------------------+
| ins_sum     | INSERT | account | SET @sum = @sum + NEW.amount                                                                                                      | BEFORE | 2019-12-07 16:07:48.89 | STRICT_TRANS_TABLES,NO_ENGINE_SUBSTITUTION | root@localhost | utf8mb4              | utf8mb4_0900_ai_ci   | utf8mb4_0900_ai_ci |
| trig_update | UPDATE | account | INSERT INTO myevent VALUES (1,'after update')                                                                                     | AFTER  | 2019-12-08 14:36:37.39 | STRICT_TRANS_TABLES,NO_ENGINE_SUBSTITUTION | root@localhost | utf8mb4              | utf8mb4_0900_ai_ci   | utf8mb4_0900_ai_ci |
| testref     | INSERT | test1   | BEGIN
INSERT INTO test2 SET a2 = NEW.a1;
DELETE FROM test3 WHERE a3 = NEW.a1;
UPDATE test4 SET b4 = b4 + 1 WHERE a4 = NEW.a1;
END | BEFORE | 2019-12-07 16:41:43.39 | STRICT_TRANS_TABLES,NO_ENGINE_SUBSTITUTION | root@localhost | utf8mb4              | utf8mb4_0900_ai_ci   | utf8mb4_0900_ai_ci |
+-------------+--------+---------+-----------------------------------------------------------------------------------------------------------------------------------+--------+------------------------+--------------------------------------------+----------------+----------------------+----------------------+--------------------+
3 rows in set (0.07 sec)
```

显示的信息比较混乱，可以在SHOW TRIGGER命令后面添加'\G'，显示的信息会比较有条理：

```
mysql> SHOW TRIGGERS \G;
*************************** 1. row ***************************
             Trigger: ins_sum
               Event: INSERT
               Table: account
           Statement: SET @sum = @sum + NEW.amount
              Timing: BEFORE
             Created: 2019-12-07 16:07:48.89
            sql_mode: STRICT_TRANS_TABLES,NO_ENGINE_SUBSTITUTION
             Definer: root@localhost
character_set_client: utf8mb4
collation_connection: utf8mb4_0900_ai_ci
  Database Collation: utf8mb4_0900_ai_ci
*************************** 2. row ***************************
             Trigger: trig_update
               Event: UPDATE
               Table: account
           Statement: INSERT INTO myevent VALUES (1,'after update')
              Timing: AFTER
             Created: 2019-12-08 14:36:37.39
            sql_mode: STRICT_TRANS_TABLES,NO_ENGINE_SUBSTITUTION
             Definer: root@localhost
character_set_client: utf8mb4
collation_connection: utf8mb4_0900_ai_ci
  Database Collation: utf8mb4_0900_ai_ci
*************************** 3. row ***************************
             Trigger: testref
               Event: INSERT
               Table: test1
           Statement: BEGIN
INSERT INTO test2 SET a2 = NEW.a1;
DELETE FROM test3 WHERE a3 = NEW.a1;
UPDATE test4 SET b4 = b4 + 1 WHERE a4 = NEW.a1;
END
              Timing: BEFORE
             Created: 2019-12-07 16:41:43.39
            sql_mode: STRICT_TRANS_TABLES,NO_ENGINE_SUBSTITUTION
             Definer: root@localhost
character_set_client: utf8mb4
collation_connection: utf8mb4_0900_ai_ci
  Database Collation: utf8mb4_0900_ai_ci
3 rows in set (0.00 sec)

ERROR:
No query specified
```

其中：
* Trigger表示触发器的名称；
* Event表示激活触发器的事件，这里的两个触发事件为插入操作INSERT和更新操作UPDATE；
* Table表示激活触发器的操作对象表；
* Timing表示触发器触发的事件，分别为操作之前(BEFORE)和操作之后(AFTER)；
* Statement表示触发器执行的操作；
* ……

#### 提示：

SHOW TRIGGER语句查看当前创建的所有触发器信息，在触发器较少的情况下，使用该语句会很方便，若要查看特定触发器的信息，可以直接从information_schema数据库中的trigger表中查找。

### 2.2 在triggers表中查看触发器信息

在MySQL中所有触发器的定义都存在INFORMATION_SCHEMA数据库的TRIGGERS表格中，可以通过查询命令SELECT来查看，语法为：`SELECT * FROM information_schema.triggers WHERE condition;`

**示例：** 通过SELECT命令查看触发器

```
mysql> SELECT * FROM INFORMATION_SCHEMA.TRIGGERS WHERE TRIGGER_NAME = 'trig_update' \G;
*************************** 1. row ***************************
           TRIGGER_CATALOG: def
            TRIGGER_SCHEMA: test
              TRIGGER_NAME: trig_update
        EVENT_MANIPULATION: UPDATE
      EVENT_OBJECT_CATALOG: def
       EVENT_OBJECT_SCHEMA: test
        EVENT_OBJECT_TABLE: account
              ACTION_ORDER: 1
          ACTION_CONDITION: NULL
          ACTION_STATEMENT: INSERT INTO myevent VALUES (1,'after update')
        ACTION_ORIENTATION: ROW
             ACTION_TIMING: AFTER
ACTION_REFERENCE_OLD_TABLE: NULL
ACTION_REFERENCE_NEW_TABLE: NULL
  ACTION_REFERENCE_OLD_ROW: OLD
  ACTION_REFERENCE_NEW_ROW: NEW
                   CREATED: 2019-12-08 14:36:37.39
                  SQL_MODE: STRICT_TRANS_TABLES,NO_ENGINE_SUBSTITUTION
                   DEFINER: root@localhost
      CHARACTER_SET_CLIENT: utf8mb4
      COLLATION_CONNECTION: utf8mb4_0900_ai_ci
        DATABASE_COLLATION: utf8mb4_0900_ai_ci
1 row in set (0.00 sec)

ERROR:
No query specified
```

从上面的执行结果可以看到：
* TRIGGER_SCHEMA表示触发器所在的数据库；
* TRIGGER_NAME表示触发器的名称；
* EVENT_OBJECT_TABLE表示在哪个数据表上触发；
* ACTION_STATEMENT表示触发器触发的时候执行的具体操作；
* ACTION_ORIENTATION是ROW，表示在每条记录上都触发；
* ACTION_TIMING表示触发的时刻是AFTER，剩下的是和系统相关的信息；

---

## 3.触发器的使用

触发器是与表有关的命名数据库对象，当表上出现特定事件时，将激活该对象。在某些触发程序的用法中，可用于检查插入到表中的值，或对跟新设计的值进行计算。

触发程序与表相关，当对表执行INSERT、DELETE或UPDATE语句时，将激活触发程序。可以将触发程序设置为执行语句之前或之后激活。

**示例：** 创建一个在account表插入记录之后，更新myevent数据表的触发器

```
mysql> CREATE TRIGGER trig_insert AFTER INSERT ON account
    -> FOR EACH ROW INSERT INTO myevent VALUES (2,'after insert');
Query OK, 0 rows affected (0.02 sec)

mysql> INSERT INTO account VALUES (1,1.00),(2,2.00);
Query OK, 2 rows affected (0.06 sec)
Records: 2  Duplicates: 0  Warnings: 0

mysql> SELECT * FROM myevent;
+------+--------------+
| id   | event_name   |
+------+--------------+
|    2 | after insert |
|    2 | after insert |
+------+--------------+
```

---

## 4.删除触发器

使用DROP TRIGGER语句可以删除MySQL中已经定义的触发器，删除触发器语句基本语法格式为：`DROP TRIGGER [schema_name.]trigger_name;`

---

## 5.综合案例

每更新一次persons表的num字段后，都要更新sales表对应的sum字段。

**persons表结构**

|字段名&#160;&#160;&#160;&#160;|数据类型|主键&#160;&#160;&#160;&#160;|外键&#160;&#160;&#160;&#160;|非空&#160;&#160;&#160;&#160;|唯一&#160;&#160;&#160;&#160;|自增&#160;&#160;&#160;&#160;|
|:---|:---|:---|:---|:---|:---|:---|
|name|VARCHAR(40)&#160;&#160;&#160;&#160;|否|否|是|否|否|
|num|INT(11)|否|否|是|否|否|


**sales表结构**

|字段名&#160;&#160;&#160;&#160;|数据类型|主键&#160;&#160;&#160;&#160;|外键&#160;&#160;&#160;&#160;|非空&#160;&#160;&#160;&#160;|唯一&#160;&#160;&#160;&#160;|自增&#160;&#160;&#160;&#160;|
|:---|:---|:---|:---|:---|:---|:---|
|name|VARCHAR(40)&#160;&#160;&#160;&#160;|否|否|是|否|否|
|num|INT(11)|否|否|是|否|否|

1.创建一个业务统计表persons：

```
mysql> CREATE TABLE persons (name VARCHAR(40),num INT(11));
Query OK, 0 rows affected, 1 warning (0.05 sec)
```

2.创建一个销售额表sales：

```
mysql> CREATE TABLE sales (name VARCHAR(40),num INT(11));
Query OK, 0 rows affected, 1 warning (0.09 sec)
```

3.创建一个触发器，在更新persons表的num字段后，更新sales表的num字段：

```
mysql> CREATE TRIGGER num_sum AFTER INSERT ON persons
    -> FOR EACH ROW INSERT INTO sales VALUES (NEW.name, 7*NEW.num);
Query OK, 0 rows affected (0.06 sec)

mysql> INSERT INTO persons VALUES ('xiaoxiao',20),('xiaohua',69);

mysql> SELECT * FROM persons;
+----------+------+
| name     | num  |
+----------+------+
| xiaoxiao |   20 |
| xiaohua  |   69 |
+----------+------+

mysql> SELECT * FROM sales;
+----------+------+
| name     | num  |
+----------+------+
| xiaoxiao |  140 |
| xiaohua  |  483 |
+----------+------+
```

---











